Alpha_Node,Total_Support
TARS,339
CUL5,253
PHB,847
VEGFC,381
RAMP1,345
GPLD1,327
LATS1,319
CASC5,325
TCEB2,339
HIST3H2A,341
ATP2A1,289
KIAA0087,801
MECP2,307
RPS10,377
SSX2,339
CTDSP1,343
MAPK8IP2,241
SAC,343
RAD52,351
FHL1,345
CYR61,337
RPL22,679
CCL24,339
FLJ13305,339
HLA-DPA1,333
BMP1,347
RBBP6,389
PRKAA2,353
SRP14,341
CRABP2,339
CEACAM1,637
LNX,511
CRYBB1,343
PDIA4,341
FCER1G,311
Cep70,371
MEF2C,219
MPZ,341
SP110,339
TUBG2,681
RNF7,369
PGEA1,395
EIF2AK3,283
B4GALT1,339
NGB,305
KRT18,557
HIST1H2BN,341
LAT,577
PLAG1,297
JAK3,289
C3,133
LCN2,345
PCF11,343
SIT1,639
SLC8A1,341
DCHS1,337
HDAC8,333
PRKCB1,247
GH2,279
LSM3,357
TNPO3,345
RPL5,743
PTK9,301
MFAP2,337
SELENBP1,405
KIAA0774,323
ADAM9,329
GNAQ,251
TEAD3,341
TMPRSS3,329
EIF2C1,343
EPO,273
SSH3,339
IRS1,575
FBXO32,341
MGC17403,563
RASSF5,361
CSNK1D,783
NCR1,327
FLJ13149,539
PPP2R3B,357
SNAPC4,291
IGF1R,213
TRPV6,381
SLC6A1,351
MATN1,289
CSTF3,331
EGR4,331
ROCK1,199
RABL2B,341
CRY2,333
CRX,395
MBL2,289
SNRPC,101
ZNF440,399
SGCD,339
RAB40C,301
LRRC41,351
SOCS6,325
SPRY2,683
SELL,535
TSNAX,327
MUC1,685
CRH,347
LDB1,335
GUCY1A2,243
DDIT3,251
IL1RN,295
XAB1,325
STK16,301
PDGFRB,513
APBA3,317
PHIP,299
GAB1,459
PDE1A,307
PCTK2,343
WBP2,341
RPL3,653
LYL1,305
GNB2L1,415
SERPINB9,851
CXADR,117
CD1E,339
ANGPT1,281
FLJ12716,337
KIAA0672,341
PFDN5,317
STX1A,219
FKBP3,303
ROR1,339
BET1,343
EFCBP2,125
HEYL,347
PPP4R1,343
PRKACA,195
KIAA1107,339
TRAPPC4,337
TCEA1,327
MRPS12,31
MAD2L1BP,859
ITGB3BP,339
MRPL20,275
TSC22D3,101
GNRH1,343
MEA1,341
GADD45A,305
CLASP1,327
RHPN1,309
PIK4CA,343
PNN,329
FCAR,311
LGALS2,339
RCC1,273
UBXD2,285
KCNQ1,335
FXYD7,331
ASCL1,375
CD19,357
SDC4,303
CAP2,365
CDKN3,351
RPP30,337
PNOC,343
PPP1CB,299
CTLA4,173
DMAP1,343
FANCD2,179
DRP2,331
SND1,305
TOP2A,755
KIAA1539,539
GPS1,339
SSRP1,319
GABRA1,303
ZIC2,367
ANK3,207
CWF19L1,279
RBBP8,207
SERPINA5,287
NBEA,307
BST1,309
RNF146,341
STXBP1,333
PSG3,367
DLG3,259
APBB3,355
AXIN1,271
BIRC5,347
RPA3,323
EFNA4,283
SAP130,283
SEC13L1,345
NR2F6,215
MVP,761
WNK4,341
DDEF2,705
PRPF4,329
CDK5RAP1,343
EFTUD2,315
DAPK1,307
LOC113174,343
ACVR1C,335
THOC2,341
HDAC7A,203
RBM17,349
KRT5,319
TAC3,255
RAD51L3,357
STCH,333
ELN,323
GAPDH,657
CHML,339
RFK,337
LTBR,513
CAV3,203
DLL1,341
RAB3B,299
NDUFA5,519
SHC1,-181
DVL1,261
EMILIN1,345
CDC25A,365
FGF1,243
KIR3DL2,341
BAK1,823
CEBPA,235
SNF8,189
HTR6,341
AP3S2,341
MGC39520,341
AOC3,281
IFNGR1,295
RAB15,341
ACP1,355
REXO4,367
GPR125,343
GZMB,355
A2M,221
MYST2,301
MMP14,269
GHRHR,343
DKK1,397
CD97,327
ANGPTL1,297
CUTC,239
SLC4A2,345
AKAP6,339
C12orf12,467
BUB3,309
PPP4R2,343
PITX1,329
DSC2,331
NKRF,341
ANKRD6,361
OCLN,325
CLEC5A,351
CLDN7,335
HPR,343
RPS6KA4,295
FLJ12688,331
TFPT,329
ITGA11,299
PAX2,355
ARHGAP18,375
KLF4,815
DPP4,297
GNA13,465
GPR51,321
KPNA4,341
MGC16597,341
HOMER3,351
GBE1,343
PITPNA,181
DPH1,293
VCL,-955
SCNN1D,343
CCL2,351
MKL1,325
ENO2,299
TPD52L1,369
PLCD4,345
ODZ3,299
FCRL3,313
FBLN5,341
ALPP,345
FAM46B,343
XRCC2,345
CAMKV,339
NKX3-1,397
SFRS2,305
SIAH1,285
PAXIP1,253
PCQAP,363
FBXL4,341
EDN3,339
BFSP2,343
CD99,333
SPRY1,551
PAX1,343
MAP2,579
CIAS1,341
APP,41
HMG20A,281
NTNG2,117
SLC9A1,379
CARD6,345
INHBA,333
ABI1,211
ATPIF1,311
CORO1A,347
FSHB,351
FLJ10808,375
WNT5A,345
LRDD,455
LNPEP,381
MAP4K1,427
REV1L,347
OPRL1,341
RPSA,741
TMPO,633
TAZ,337
CFLAR,513
ATXN1,247
RTDR1,341
SLN,339
DEDD2,341
HCK,397
TNFSF11,145
RB1CC1,271
SH2BP1,375
PMS1,341
VIL1,341
CPNE2,371
TNS1,341
TAF1C,799
LTA,267
BMP7,313
NIN,203
CEACAM8,281
DOCK2,339
GNB3,343
NLE1,117
HOXA10,325
E2F1,-5
TEP1,799
RPL37A,149
CHAD,337
AEBP1,327
CASK,249
CCL19,341
MARCKSL1,339
FNBP3,305
LARGE,289
CLIC1,333
YWHAE,363
FOXA1,227
KIAA0174,343
NPM3,315
PPARBP,773
PPFIBP1,337
SYT9,339
GPD2,343
TRIM62,307
HELB,353
DDB2,329
ZNF594,339
MAP1LC3A,339
C1orf156,335
ARHGEF4,387
TGOLN2,297
USHBP1,81
IL5,339
NDUFS6,293
HEBP2,329
PRPS1,49
RUVBL1,-61
FLJ25393,181
IRF4,143
BIRC2,157
RAD17,1
DUSP16,7
PSMA3,121
SLC25A11,57
ERBB3,-111
EDA2R,43
CAPZA1,37
PRKRA,847
DYRK2,53
CAMP,55
RAC2,-15
XRN1,67
PIAS3,-175
TFDP2,31
RHOD,57
ZNF482,37
ARID2,59
FOXH1,-199
NFKBIE,33
C1orf116,57
NALP4,17
ABCD1,45
SLC26A3,51
MBP,9
DLX5,53
CABP2,51
LDLRAP1,23
CACNB4,41
STX11,115
SPARC,109
AMOTL2,-41
CDK6,-85
CD2,13
CEACAM6,19
PLEKHF1,65
ITGB1BP1,53
GFAP,-121
CDYL,-9
FSCN2,-57
SLC35E1,59
CSF2,105
TAP2,55
RPL6,281
DFNB31,55
TTC1,59
BNIPL,57
HBB,57
TNIP1,19
IL9,59
EFS,123
CASR,33
ARL3,847
IGHG1,55
ATBF1,119
C1QTNF1,39
FABP5,55
OLFML3,11
AHSG,39
NASP,41
MGC2560,63
FXYD1,51
USP21,43
H17,43
BRCA2,683
MRPL4,49
TESK2,45
PSEN1,-81
TGM3,57
SSX2IP,43
PTHR2,57
SEDLP,57
TPR,35
NCK2,-29
FOSL1,-57
TP53I3,83
AVEN,59
NEUROD2,67
TIFA,107
KCNA5,55
PLXNB3,55
CBFB,55
WDR56,55
SMARCC2,31
BTBD15,107
SLC22A2,57
POLR2L,183
C7orf19,185
ELK3,57
EPR1,57
TXNDC9,137
DNCI1,159
CHRNA3,61
HNRPDL,159
RBBP9,-57
RNF10,327
RFXDC1,-35
CALML3,53
MGC21675,65
C2F,145
IRX4,31
BMP3,57
SBF1,57
FBN1,25
MAP3K6,49
NVL,41
APOA1,115
DNAJC3,23
FCHSD2,179
VAMP4,59
LPA,21
BUB1,-33
IRF8,53
ENSA,29
SIN3A,615
ZNF675,41
RUNX2,-179
DPM1,-127
DCX,57
TREX2,57
PILRB,57
FLJ21103,57
SIN3B,-129
MULK,31
BCL9,-47
SH3GLB2,55
BRP44,41
PSMD1,111
PGM5,57
RARS,57
DDX19B,35
SKIV2L,41
PGF,57
UNC13D,39
SPAG9,105
CARD9,93
CR2,843
TLE2,47
HYAL2,111
KIF15,97
GLMN,113
ARL6IP4,57
NOL4,59
CCNE2,121
SIAHBP1,83
LHX4,57
TIAM1,-7
HSU79303,851
CCND2,133
ICAM1,45
ZBTB7B,49
HIRIP5,55
COPB2,51
FAHD1,39
DAG1,157
FHOD1,15
BCL2L12,19
FLJ32855,131
PPARG,43
CDH18,57
GRK6,91
SULT2B1,27
EPPK1,-113
HIST1H2BD,55
TMEM29,103
KRAS,101
SFRP1,61
SLC1A6,65
CBLC,33
CYB561D2,11
PPM1F,99
CCNB2,65
ZNF45,69
EIF4G2,87
FXYD6,305
RPH3A,55
TRBC1,55
CHRM2,57
TUBB3,143
TBC1D3,-9
CASP8AP2,129
FGFR2,113
CDC27,-205
HIST1H3H,55
CTBP1,-77
SCN4A,55
SV2A,47
FLJ30707,113
REG1A,57
CD1A,57
ARHGDIG,-21
ARID4B,11
SSTR3,839
DLGAP1,107
ZSCAN4,109
CSNK1A1,-73
RGS4,51
ELAVL3,19
APCS,37
ARFRP1,57
RIC8A,-63
CDC23,93
CA12,37
METAP1,15
PIGC,57
POP4,57
PSMB10,49
KIF3C,55
MRPS6,65
SEC22L1,27
ITGA6,325
ACAA2,57
UPF3A,25
NRTN,113
FGFBP1,57
PPM1D,57
FLJ20859,121
MALL,55
NFE2L1,-69
TAC4,55
PITX2,55
SYN1,337
FLJ20345,59
ACTR1B,19
CDAN1,53
PPP2CB,53
TBRG4,51
RBPSUH,65
MGST3,57
UBLCP1,25
TNPO2,57
CTDP1,55
TOP3A,23
RAC3,-81
ZNF24,623
CUL7,25
IFITM1,25
TBX5,57
NUP54,181
PTPN21,-51
ZCCHC8,77
SF3A3,183
CSEN,99
CFL1,63
ODF1,43
ESRRG,33
MAS1,107
ANK1,103
RPL17,281
IL1R2,59
ACOX3,53
STK6,857
ELF1,-71
LAMB3,55
JMJD1C,35
EIF3S7,23
PLD2,-157
MGC45871,-125
CCL15,55
IRAK3,41
UNC13A,55
C3orf6,57
CDCA1,33
NDUFS7,57
AP2S1,39
FGB,47
PLEKHA8,55
CHKA,57
MS4A3,69
PPP2R3A,67
THOP1,25
HDLBP,-45
PIK3R2,181
PTPRJ,-81
ATR,-161
CCNG1,841
HSPC152,41
MEF2B,41
RIT1,61
GMFG,55
C1QG,55
VIM,105
SERPINB8,55
UHRF2,-39
CD3G,55
S100A9,27
CST7,55
NCOA3,121
TINAGL1,113
AKR1B1,111
HLA-B,61
ENO1,279
GPSM2,107
CHN1,57
CDC42EP3,-3
PKP3,55
RAB11FIP1,25
FLJ25369,87
AGA,55
ZFPM2,37
EYA1,63
CLDN2,47
NR4A3,55
TNNT2,55
CYP2C9,57
EYA2,135
AIPL1,57
ACCN1,57
HTR2B,57
5-Sep,51
IRAK4,45
ISGF3G,37
PROC,57
SNAPC1,-91
VEZATIN,-53
GSR,55
KIAA1199,55
KIF5C,43
NAB1,21
C20orf35,53
SCG3,57
GPR26,59
LOC112476,57
UBE1,53
E2F4,-243
RBBP4,-89
NQO2,45
PDCD6,77
KLF6,23
TNFSF5IP1,55
PRO1580,39
PON1,57
NSUN4,-21
CXXC5,-55
HLA-DRB5,55
AQP1,179
SKP2,95
GEM,51
IL10,65
KHSRP,35
MCM7,-243
BANK1,19
RPL19,283
THOC3,61
DHX9,-229
BATF,-79
DDO,57
ZZEF1,59
KIBRA,19
SNX3,55
PEX11A,45
OCRL,173
TOB1,-83
CDC20,-49
EIF2B3,57
RBM23,69
GRB2,-927
RPS24,341
MSH6,41
N4BP2,9
TPM1,89
SSBP1,281
PTPRM,45
HCRT,61
FYB,-25
DHRS10,43
RBM14,-81
PGD,57
NRP2,55
CBFA2T3,11
ZNF313,361
LRRC7,357
CREB3L4,363
PSMB5,357
MICAL-L1,359
RUNX1,33
RANGAP1,265
SSSCA1,395
NDUFB9,397
PDE4A,359
C10orf30,397
ADRB3,373
RPS23,803
SLC7A11,357
LTA4H,359
PIGR,369
ADRA1A,363
CETN2,359
C9orf75,357
PRKAG2,361
RAB37,195
ALOX5,627
GEMIN7,385
MDH1,367
ADPGK,395
C21orf77,361
TRPS1,363
TRIM3,375
MAN2C1,373
HNRPLL,361
CARS,317
ZG16,365
LACRT,337
UBE2D4,419
LY9,359
MLC1SA,359
KPNA1,377
CLCA1,391
IHPK2,445
RIMS2,353
RAD54B,157
PTPN9,359
RSN,335
FGG,359
CDC7,373
TES,365
GTF2IRD1,345
JUP,441
SLC35A2,417
CDH24,359
NLGN3,377
RNF19,337
AGXT,369
C1S,359
DACH1,351
CLDN12,361
UBE2V2,349
MBD2,421
ALS2CL,359
BCAP31,375
SMURF2,91
CENPF,363
NEK7,359
RPP25,363
PDE4DIP,331
HNRPK,403
RBM15B,363
NRBP,255
GNGT2,359
POLA,775
MLL,423
BAZ2B,361
STXBP2,353
MKNK2,445
DAB1,345
TLX1,361
EPHA3,353
NSF,349
CHD4,359
RTKN,355
PTDSR,359
NACA,351
BIRC1,359
ARHGAP29,425
MAN2A2,447
TOE1,387
ACTR1A,359
GLUD2,369
TCEA2,411
MMP15,343
GLI3,111
SCN5A,359
PIK3R1,197
MAPKAPK3,313
DMRTB1,241
PAK4,347
SERPINB6,359
ICMT,351
RPL15,821
SET,249
AFF4,389
BIRC4,361
CBR1,363
ZNF679,395
C20orf77,367
BIRC7,315
MXD1,453
GZMA,359
IDH1,353
SERPINB2,285
PAPSS1,477
NOLC1,363
IQGAP2,361
PITPNB,361
LAIR1,409
AVPR2,357
STUB1,335
SH3YL1,335
STARD9,407
ATP5B,445
HFE2,377
TNFRSF19,403
BCL6,199
SEC23B,367
UQCRC1,377
CYB5R2,355
NOL11,357
BRD1,337
MCM4,347
CYP19A1,361
LPPR4,365
SHFM1,375
MAPKAPK5,343
SMAD6,447
BDNF,359
PSMC1,429
ATP6V1G2,361
WDR18,359
TCEB1,367
DUSP1,311
KLF12,357
GPSM1,357
NEK2,359
USF1,359
COG2,359
GCNT1,361
RBP4,363
STK35,355
STX4A,377
ATXN2,357
CNKSR1,267
HPCAL1,355
HES1,383
EPHB1,605
CCL18,823
SPPL2A,365
DBNL,385
NUMA1,359
TRIB3,363
ZNF434,363
ATPAF2,377
MYOM1,361
MS4A1,309
FBN2,33
TNF,377
APBA2,279
KLK1,361
ITPKB,381
SLC2A3,365
BMPR2,347
TSC1,283
PPAP2C,341
TSPAN4,355
SYT5,375
SEMG2,381
TDGF1,373
UBE2E2,369
CDKN2D,355
RECQL5,329
FAM63A,357
BNIP2,377
P2RXL1,327
SFRS4,379
IL18BP,359
RALGDS,339
ETHE1,309
PCBP2,313
NALP1,355
MGMT,449
LCN1,361
COPS5,-13
ZNF350,305
GDI1,361
NUTF2,371
RYR3,357
AXIN2,365
ITPR2,359
ARSE,369
AASS,797
RAP2A,355
KIAA1679,373
YWHAZ,719
GADD45G,447
F8,333
BAG2,381
BAT1,401
FLJ32214,439
IL2,355
EPHA5,369
CBWD5,357
FLJ23584,41
SRPK2,375
CPLX2,355
APBB1,301
FCGR2B,391
PARP1,809
PRKAR1A,139
RNF11,377
KIR2DL2,359
DFFA,167
TCL1A,361
LAMC2,361
ST5,113
PTAFR,361
DEAF1,359
PITPNM1,403
SLC4A7,361
MYO5B,361
GPAA1,327
RPS25,371
SECTM1,357
PSCD3,355
HINT1,371
YWHAG,403
HYPC,389
HYPK,389
MTHFS,355
DMC1,383
ITGB1BP3,341
MOAP1,485
UBL5,359
CCR1,375
HMGA1,199
CUGBP1,365
SYTL4,427
PECAM1,293
FGF12,361
RUSC1,365
VAMP2,349
CSRP3,325
AVPR1A,381
ACTC,415
TADA2L,391
ZNF7,381
VEGF,373
CHMP7,365
ZNF10,359
FBXW5,409
PARVA,349
HCRTR1,365
MRE11A,299
USP9X,295
FGF3,357
PSMC6,447
GBP2,199
FLJ34283,359
KLHL12,395
OSTF1,383
CHRM3,353
DNCL2A,357
FLNC,373
KCNK3,365
PCNA,-93
PSMC2,383
MGC3731,389
SLC22A12,361
ERH,785
RAD51AP1,381
FLJ22746,527
MYB,321
APH1B,309
DDX49,365
HIST1H3A,363
FOSB,49
EPS8,453
SFRS6,361
CALCR,359
FPRL1,361
P53AIP1,353
LOXL3,359
RBM30,361
N4BP3,357
LSM1,277
XPC,361
MEIS1,357
BIRC3,393
APPBP2,359
SUMO3,279
PYGM,357
TNNI1,431
MYST4,385
ERCC5,341
GABRA4,361
RAD51C,359
EIF5B,361
ALS2CR3,361
TACSTD1,359
ABCD3,377
STAG2,357
DEFA1,351
HIP1,349
C6orf55,437
MYH9,825
MPHOSPH1,339
SERPINI1,359
ZNF446,395
MCM2,345
CASP10,295
ZBTB5,433
PTK2,695
CNOT2,361
CCHCR1,355
ACOX1,359
GSTO1,537
POLE,345
BCR,775
C11orf30,399
ANTXR2,35
KBTBD7,357
KBTBD4,361
HIST1H4A,337
EHD1,363
RPP40,361
XPO5,347
PIN4,359
SSTR5,359
ANAPC5,371
MLF1,391
CRABP1,361
NXF5,357
CREB5,279
CHRNB1,371
LOX,359
PBX2,371
SCNN1G,391
SGCA,593
SHOC2,355
SYBL1,353
F3,353
BHLHB2,329
SETBP1,365
FABP1,355
AD023,353
SOD2,383
SIVA,365
ACR,361
IGFBP4,359
CSRP2BP,371
ARF4L,461
RAB10,361
IL13,269
SON,425
NOL3,351
SH3MD2,359
PHF23,359
TAF9,453
RASA3,383
PRKD2,321
KLK10,247
FLT3,571
C4A,361
LOC339231,361
Bles03,355
WRN,785
CDC42EP1,-67
TRIM31,-27
NFYC,-189
ARID3A,-37
MYO18A,-45
DIAPH2,-47
RFP,-175
TRAF6,-1
F9,-69
Cep152,-47
IL12RB2,29
ACTR2,-1
EFNA1,75
SNIP1,-195
ATP6AP1,-45
LMO4,81
76P,-63
APEH,-47
HCNGP,23
FKBP10,-47
ZYX,131
NPY,-45
SCN4B,-47
STARS,-41
TRG20,-7
TCTE1L,-41
STXBP3,-47
SPAG5,-5
HTR2A,31
LYN,41
CBX5,-73
MYOZ1,-59
IQCG,-53
CTSH,-41
BAALC,-41
QTRT1,-119
CDH2,-35
SLAMF6,15
SCN3A,-69
RPLP0,131
ADIPOR2,-49
TRPM2,-31
TRIM9,-41
MAPT,-153
NSD1,-89
RIBC2,-57
DKC1,-21
LRAT,-45
GPR40,-39
HIPK2,407
ARMC7,-41
CREBL1,11
WSB2,-9
VBP1,-45
NUP133,-33
TEAD2,-43
HRBL,-25
MAP3K8,-9
TACR1,-43
TOLLIP,-123
DARS,63
ASGR2,-47
JAM2,-35
SH2D1A,-95
BBS2,-47
PTGS2,579
SLC22A1,-45
PTEN,691
C2orf18,-85
ZAK,-3
MSH4,-43
BTC,-103
ZNF646,-75
ADPRHL2,23
CNTNAP3,-45
GDNF,9
PCNT2,-43
FHIT,-93
GRID2,-55
DHX38,-45
RPLP2,237
SAFB,-33
RANBP10,-33
ADORA2A,-13
MYO1C,41
SNAI1,-55
MMP16,-71
IPO8,-5
RARA,-347
CDKN1C,-43
RPIA,-255
KCNRG,-1
ANKRD7,-45
TYK2,-49
APOA1BP,23
GRIA3,-35
DEF6,-61
POU2F1,-327
SIX6,-13
NAPG,-45
PTP4A1,-47
KHDRBS1,-185
PPP2CA,655
GJA3,-25
NDUFAF1,-69
THBS1,61
SELE,303
LRFN1,-45
PLXNB1,-21
MGC3207,-33
NDUFV2,-21
THSD1,-51
KCNE4,-59
NF1,17
COL1A1,245
VANGL2,9
ITGAD,-47
BCOR,-91
TMEM43,-27
NRCAM,-43
SLC25A1,27
OPN1LW,-39
EDD1,-231
GIT1,57
LYAR,-19
SCYL2,9
IL10RA,15
KIR2DS2,-45
TRPC6,-53
CHRAC1,-45
TRIAD3,-43
EIF4ENIF1,-125
MAST2,3
BACH1,-99
DRD1,25
MSH3,-31
TXNIP,-23
ORC4L,9
SCTR,-57
PCYT1A,-33
RPGR,-41
AKAP13,-41
APEX2,9
CHMP4C,-49
CD80,-11
DCP2,-7
ARHGEF6,-13
ESR1,-53
BCS1L,-29
SMS,-5
SELP,-47
PTMS,-101
STMN4,-43
COL2A1,-45
TG,-53
ZC3H7A,-45
TCEB3,-53
CDCA3,-17
ZCCHC12,-45
RASA2,-43
CALB1,5
NBN,-33
GALR1,-45
BRAP,-65
EIF3S2,-51
EIF2B4,-63
CD79B,-29
KRT7,-67
TPD52,-47
RGS1,-7
UCP2,-71
SLC25A20,-49
SPN,-111
EP300,505
DEFB103A,-47
IRF7,-37
PROS1,-25
TXNRD2,-45
HSPE1,325
ST3GAL4,-45
SMEK2,-47
STAU,-51
MUSK,-23
TAP1,-35
CKAP4,323
RELN,-47
TUBG1,69
CCR4,-7
MLLT6,-31
MAPK6,-47
RPL29,235
VPS24,-59
RBM8A,-43
SERF2,-35
RBP2,-37
HPCL2,-47
APH1A,-43
RND2,-41
MADCAM1,-9
AGC1,-43
STX18,-45
C14orf44,-227
FGF13,-45
COL23A1,-47
LRRC1,11
PFKFB2,-81
C9orf25,-47
MYL6,213
WWTR1,-1
CRYGC,-51
SNCAIP,-1
RPP38,-45
PNKP,-41
NARF,-47
PRL,-51
SCFD1,19
ABCD2,-7
SSR3,-9
DNMT3A,-125
DMBT1,-45
AP4E1,-45
C9orf86,-17
PDCD11,-49
SUV39H2,-89
ARF3,-45
CBX1,51
TDP1,-55
SLC9A2,-151
PTK6,-77
DAXX,725
KCTD4,9
LOC112869,-61
PMM1,-45
TNFSF8,-33
MSH5,-45
GLRA2,-49
REG3A,-53
C10orf7,-49
CMIP,-9
MID1IP1,-47
DCTN1,-3
RPL26,239
KIF1C,-69
MLLT10,-45
PKM2,315
FZD1,-45
ZNF174,-57
PPARGC1A,-105
GNAI3,17
OLFM3,-47
SLC16A3,-45
HMG20B,-81
XRCC6,455
MRAS,17
GSTM2,17
TFRC,47
FSTL3,-161
EPAS1,-137
MYLK,-49
ADCY5,-51
GPR37,-39
NCK1,143
BCL3,-129
KLF5,-111
HIST2H3C,-47
CARD11,-29
DLL4,-21
SLBP,-17
PRKCABP,-45
EEF1A1,267
TXN,-123
RAP1GA1,-3
C1orf165,-27
FMNL2,-17
C8orf32,-67
RAB9A,-5
HLA-DOA,-45
ATP5J2,-29
ARFGEF1,21
VAMP1,-43
MLH3,-47
TOMM34,-73
PRIM1,-41
CTBP2,-49
DOK1,31
DDR2,-17
SAFB2,-43
DMN,-35
PAX7,-47
HOP,-23
C1orf166,-45
ARHGAP4,-45
MPP6,-19
PPL,-7
POLR2E,-47
IMMT,-59
CETN3,15
MAGEA12,-19
GRAP2,119
DTX2,-77
WNT2,-41
ZSWIM2,-71
TCF3,-297
TRIOBP,-85
EDG4,-39
HSPD1,-71
ERCC6,593
KAL1,-47
VARS,105
NT5C2,-75
S100A4,9
CCT5,-33
NCR2,-39
WASF3,-47
SEMA4B,-45
QARS,69
SPI1,-115
PTBP1,251
HSF1,-217
C6orf203,3
HAND2,-37
HLA-DQA1,67
DKFZp564J157,-29
NPR3,-45
CLOCK,-47
PDE4D,-19
NR2C1,-83
FXR2,65
KCTD15,-35
COBRA1,-197
IDH3A,-47
RNASE1,-45
ATP5A1,-47
PSIP1,-31
FAM60A,-47
APOH,-23
SIX4,-13
TFAP2C,593
ITK,79
MVD,-63
PHACTR3,-33
SGK3,-55
NCR3,-21
PIP5K1A,-23
ITGB7,-35
C20orf14,-167
EIF5,-65
GSTM3,-47
MGC27019,-47
HSF2BP,-41
C1orf160,-47
MAP4K5,-49
HSPC176,-47
PKP1,-77
FAM96B,-47
CRELD1,-39
HIST2H2BE,13
SEC5L1,1
XK,-45
PRKCI,-57
UGCG,-47
GNPAT,-47
GLIS3,-47
PHF17,-45
DYDC1,-45
MAP2K5,-27
CITED4,-75
RPS6KC1,-39
TNKS2,-41
HIST1H1A,-47
TRAF1,21
CACNA1C,-13
KCNMB1,-147
MAPK3,781
LOC116349,17
FALZ,-151
ID3,-165
PCDH1,-87
OTUD5,-155
NPPA,-179
FY,-117
TPI1,-113
P2RX4,-151
STXBP6,-179
PNMA1,-163
FKBP2,-183
UBE2L6,-203
SMARCB1,849
SUPT4H1,-151
MYO9B,-117
HBG2,-179
PIGA,-183
PVRL1,-135
ZNF165,-79
C1orf190,-351
DRD3,139
KNTC2,-123
MAP3K1,-153
TREX1,-157
CADPS,-137
KLF11,-201
ZFYVE9,-89
FZD3,-151
PTPRE,189
CCL25,-147
GPR7,-147
HOXC8,-207
TCF8,33
TBK1,-79
ELF3,-167
CASP7,-167
URP2,-187
SORT1,-143
ELOF1,-119
SLK,-157
PLAUR,-113
FRS3,267
SPATA2,1
DKFZp761I2123,-265
POLR2A,123
C21orf6,-181
ZMYND19,-165
SYN2,-145
CD6,-149
MC2R,-153
SNFT,-131
KLK2,-147
GATAD2B,-117
KIAA0157,-177
XPO6,-169
Rgr,-147
HHEX,-157
RHOQ,-105
SUMO1,765
IL2RA,-95
C7orf20,79
NUCB1,-213
PLEKHM1,393
NOSTRIN,-149
H2AFZ,-149
EVI1,-219
TRIM28,-275
BTG2,-199
TSPAN3,-217
TXNL5,-159
TOP1,839
PACSIN1,-185
ZFP64,-39
SP2,-151
PEO1,-99
FMO4,-251
HNRPA0,-153
PDK2,-267
ANG,-151
PAFAH1B3,351
CTF1,-161
CAPN3,-149
ZFYVE16,-173
ST6GALNAC2,-67
BCL2L10,-223
HSPC117,-147
NARS,223
INHBC,-181
FLJ11193,-153
NPHP3,-149
GLP2R,-153
GPR43,-179
GCC1,-35
HOXD11,-151
BID,-201
RPS6KB1,-193
RING1,-167
PARP4,-145
RAB11FIP2,-131
VCP,-219
EIF2B5,-171
TAF2,-255
CXorf53,-153
TIMELESS,-169
CCBP2,-117
PCTK1,-147
RAB5C,-151
ATP6V0C,-145
VTCN1,-149
PMPCA,-151
ID2,-29
ABI3BP,-155
ITGAV,-137
ACSS2,-185
PRKX,-101
LUM,-143
CDC40,-127
GAL,-151
EFNB1,-65
MCF2L,-183
ALS2CR2,-169
GCA,-151
SAP18,-193
VAV1,101
ISL2,-177
PPP2R5C,-179
TMCC2,-147
CCL13,-175
SUMO4,-183
CDH12,-151
CCL7,-155
KIRREL3,-145
SPHK1,3
ARL6IP5,-223
IRAK2,-129
LOXL1,-151
EFNB2,-109
CREB3L1,-157
RBMX,-401
DMD,-113
PLK4,-151
PIM1,-155
EPN2,-123
ARPC1B,-123
EXOSC8,-157
MLL4,-75
HIF1A,873
UBOX5,-153
PTPRU,-203
ZNF414,-153
PRKAR1B,-145
ORMDL3,-101
KCNAB1,-179
GPR135,-145
CD82,-141
BMX,-71
CSNK2A1,49
KIF3B,-177
USP9Y,-145
UNC5CL,-151
INADL,-183
PI3,-151
HNRPH1,21
CDKN2B,-177
IL11,-237
CDK7,-155
ZDHHC3,-221
SCYE1,-127
KRTAP3-2,-139
C20orf39,-145
SLIT2,-147
RAN,-189
DLAT,-227
ING1,869
AE2,-217
PSPC1,-41
CDK5RAP3,-143
FGF5,-79
GTF2H5,-223
HIST2H2AA,-147
GRM7,-87
CD84,-139
OFD1,-55
DKFZP566M1046,-149
VPS72,95
LGP2,-147
WDR61,-161
PSMD4,-211
APTX,-175
SCARF1,-165
GPR1,-149
C3orf15,-147
LTB,-129
NPM1,-181
COL4A3BP,-145
LASS2,-149
TRIM39,-179
TDG,329
HEY1,3
TULP2,-223
FLOT1,-141
LOC51252,-183
GBA,-151
PAK3,259
TCF7L2,-203
PTCH,-207
DHRS1,-209
HDAC10,-149
INPP4A,-201
TNK2,-23
LCP2,-165
FXR1,205
SLC9A3R2,-107
AHCYL1,-151
ITGB1,187
CNTNAP2,-147
MTPN,-197
ADCYAP1R1,-151
DNALI1,-139
KPNA6,-177
TBCD,-57
HSPCA,603
SFPQ,209
FNBP4,-311
SEC10L1,-157
FBL,-229
HRMT1L2,939
KNS2,-149
ABCC9,-129
MAF,-177
AHSA1,-183
TITF1,-159
AGPS,-151
PLSCR3,-231
NR1H2,-207
LCMT1,-169
SOX10,-153
USP7,843
UBE1C,-173
ZC3HC1,-145
DMXL2,-153
EPS15L1,-153
RASGRF1,-93
EHHADH,-151
PBK,-175
FGF8,-119
ZNFN1A3,-167
PEX6,-91
IL3,-153
PURA,-109
PEX11B,-149
VPS4A,-151
SNTG1,-147
MTA2,-183
MYOD1,-195
CYC1,-149
PPARGC1B,-75
TAF7L,-213
POU5F1,-229
GNG10,-149
RAB25,-151
NEK1,-179
ACVR1,-189
BFSP1,-197
CXCL3,-149
CAV1,401
PTHR1,-149
GOLGA3,-151
CD59,-173
NXF2,-189
STARD13,-227
CHN2,-149
UCHL5,-151
SYNE2,-179
PPP3CB,-223
PRKCH,-177
PEX16,-149
MYO15A,-139
GAB3,-39
NSMAF,-151
SMAP-1,-85
GLYAT,-103
TARBP2,-23
UNG2,-157
GTF2A2,-205
CTSG,-131
RIPK4,-181
AP2A2,-187
RPS19,-69
FTH1,-91
PDK4,-183
FBLN2,-183
GRN,-169
MUC7,-135
SGCE,-177
CXCL12,-99
GDF9,39
PYGO1,-197
ABCA4,-153
TBC1D5,-151
CCL8,-183
ITGA1,-207
DLG1,-265
MAP3K7IP2,-169
ARMCX3,-143
WDR5,-161
KIF20A,-151
EEF2,865
SEZ6,-107
NCDN,-149
FLT3LG,-141
TRIM17,-153
MCFD2,-151
ORC1L,-169
HLF,-115
DLEU1,765
SFTPD,-129
PKIB,-151
PTPRA,217
RAG2,-147
CSNK1E,765
STATH,-151
ZNF297B,-99
YME1L1,-145
PIK3CD,-79
GYG,-181
PRKCBP1,-173
UBE1DC1,-153
DYSF,-125
CD86,-123
KLKB1,-149
PLK1,-283
AFP,-123
GATA2,-181
NOG,-153
UQCRB,-137
hfl-B5,-141
RNF130,-121
C5orf13,-157
LDB2,-151
CPN1,-147
ERG,-115
ACVR2B,-159
PPP3R1,-149
DNAJB1,-131
hCAP-D3,-151
GATA1,-169
MAP2K1IP1,-173
RUTBC1,131
TWIST1,-197
H1F0,-181
PGAM2,-75
FKHL18,-237
PABPC4,-93
IVL,-151
CALR,-319
ARHGEF12,-185
PAPPA,-67
LHX3,-173
HIPK3,-103
HLA-DRB1,-151
PTPRS,-231
VPS35,-161
CA4,-147
NFKB1,49
PRSS23,-115
LNX2,-153
NR1D1,-155
MGP,-153
PPOX,-149
ZNF136,-201
FCN1,-149
GEMIN4,-143
GP6,17
ACTN3,111
ATXN2L,119
ALG9,105
DNAI1,111
STAT6,79
SYT11,113
BSDC1,111
COG7,111
PITPNM3,137
TTLL5,137
PFKP,123
ABI3,151
PEX12,115
GRIN2C,113
GDF5,107
ZNF251,61
FDX1,115
EIF4E,161
EPHX2,109
BMP8B,111
DMWD,111
ADAM23,117
IL8,107
CENPB,125
CRHR1,121
FLJ11806,145
IKBKB,207
FRS2,437
MST1,119
NXF3,111
GENX-3414,115
FUBP1,59
NMT1,127
CCNH,123
PSEN2,87
NUP98,49
HBP1,61
SFRS16,137
TNFSF15,111
NDN,755
CASP8,-161
PEPP-2,17
HLA-DRB3,21
MSX1,-25
IGF2,97
LSM11,111
APC2,45
ZRANB1,121
SLC2A1,15
HRAS,361
SENP3,113
EBI3,141
HMGN1,117
CACHD1,129
TM4SF1,1
PEX5,107
PPP1CC,105
C14orf48,113
WDR42A,263
FGF2,101
ZNF408,235
HRASLS3,105
AP1B1,-187
POLB,123
SEMG1,113
PSMD10,409
DF,21
PDIA3,355
BRMS1,169
RALGPS1,363
HTR1F,115
DVL3,-187
F12,93
KIAA0240,129
XRCC3,111
FGF7,117
TEX10,113
LGALS3BP,75
MEP1B,29
MRPS9,135
METTL2,117
PIAS1,829
MLKL,107
KCNJ12,109
AFG3L2,111
PLA2G4A,125
ATP6V1F,117
NTF3,107
LETM2,155
TSNAXIP1,111
KRIT1,111
SSH1,115
CD2AP,289
CAPZA2,369
BRF1,757
KIAA0683,123
IL1RAPL1,111
IL13RA2,103
PSMA1,363
REN,115
PHC3,113
HCG3,67
PIK3C2B,323
RALB,127
GTF2H3,125
HLA-DQA2,105
ALDH7A1,109
IGFBP3,31
RPS15A,69
KRT17,291
EFEMP1,51
CST3,111
DFFB,119
MCP,87
COL9A3,105
PAX5,119
UBTD1,113
DLK1,107
CIT,107
MLLT4,-139
EDG7,103
RABGGTB,113
FLJ12949,113
RAMP3,117
POLD3,109
RNF123,-119
NES,105
CEACAM5,73
ALK,65
C21orf106,131
MTUS1,105
CBS,143
KIF4A,123
F11R,115
RSRC1,179
TJP2,111
APOA4,113
FBLIM1,133
RBM4,111
RBPMS,-73
AP3S1,121
PRG2,109
RBM10,113
IDH3B,143
COX6C,149
STK40,133
SLC2A4,23
LSM6,121
SIGLEC11,143
MOBKL2B,115
BTAF1,117
SSFA2,113
ATF5,109
LOC133957,111
TRIM25,115
GPC1,111
FLJ35220,113
EDNRB,113
PRKAB1,115
HSPA4,109
NADSYN1,117
IL6ST,263
ERF,111
MBTPS2,111
SLC12A4,115
C1orf181,-191
TNFRSF1A,599
MUS81,111
FBXO21,129
DIP13B,117
C14orf11,111
AKAP3,113
ANGPTL3,99
FBF1,391
CNTN2,113
ICK,61
DIAPH3,113
TNNT3,109
ZNRD1,115
POM121,157
ANKRD1,123
SORL1,119
KRT2A,113
C1orf42,123
SP4,51
HGF,115
C21orf56,111
IRS2,373
TRA1,81
TYRO3,-49
DGKZ,129
CXCL2,107
FEZ2,111
CD226,21
PTGIR,115
PACSIN2,137
SMAD9,-601
CNTNAP4,129
BASP1,151
ELK4,111
TACR3,109
ERAS,27
TLK1,111
BTF3,125
CDKN1A,403
ABCA1,117
ARHGEF10L,17
RBM3,163
TMEM70,111
MAGED1,19
GP1BA,111
CDC34,109
PROCR,111
SLC9A5,113
FST,113
DNAJB11,117
CHRD,113
BOK,127
NDEL1,193
TAGLN,111
TH,127
FGF9,125
TTN,95
SRPR,115
AQP3,103
NLGN2,113
CDC2L1,113
DNAH3,363
RPL24,131
SERPINI2,105
LBP,111
VEGFB,111
CPSF3L,267
AMFR,111
FCGR1A,127
C9orf46,83
IFNA1,123
SLC4A1AP,113
ADORA1,109
HMGN2,111
ARHGEF1,115
MAPK12,397
ADA,435
TEAD1,121
ASCC2,169
MEOX1,111
BLMH,-3
IMPDH2,113
ZNF278,111
E2F5,131
LAMA5,-183
ZMYND11,-187
MKNK1,109
CLTCL1,111
CPLX1,113
LOC56901,25
FLJ10916,127
MTMR9,89
RIN1,57
PTHLH,115
LSM5,115
PLEKHA1,111
C6orf25,139
INHBE,113
GRHPR,111
KCNQ3,103
DDEF1,155
RAVER1,141
INPP5A,117
GHRL,117
USH2A,113
SDCBP2,111
PCDHA4,791
FNBP1L,109
C21orf7,127
ZNF11B,111
GHRH,115
C4B,155
COPG2,117
RANGNRF,111
SHH,111
DMTF1,115
S100A6,117
LOC90113,111
COL7A1,41
EIF2B2,95
CCR2,89
ZNF205,415
GAS2,113
KIAA0555,105
CCT4,107
HRG,109
NFYA,25
HRB,99
FLJ10159,109
RPL7A,109
MRPL38,149
CUL4A,111
ITM2C,111
USP8,393
HCFC1,47
C12orf11,111
GABARAPL1,129
TALDO1,131
LIG3,111
WIPI49,127
DTX1,369
DNMT3L,75
SLC6A3,117
BF,105
GRM3,111
NTRK3,105
THRA,73
NAP1L1,105
S100A8,555
PBP,97
PPP1R15A,133
EIF2S1,137
UBE2W,115
SOX30,367
ITGB5,93
DSG3,113
GNRHR,113
CYBB,111
VIPR2,113
CCT7,151
RUSC2,105
SLC38A2,111
GHSR,115
PHC1,17
MED19,129
VPS41,105
PTRF,127
MACF1,97
IL12B,111
ABI2,165
ARHGDIA,119
GRIA1,109
UBE2D3,9
IL12RB1,111
SMC1L1,13
MDS025,137
IFRD1,117
SH3GLB1,111
TMSB4Y,67
KIAA1571,121
CUGBP2,111
SLA2,115
ASXL2,79
EIF4E2,157
SH3BP2,441
WBP1,149
STAT3,221
RABGEF1,141
COG3,113
RHOT2,147
CRKL,401
NRG2,91
SALL2,71
CAMK1,113
SLC1A1,45
RNF34,103
MAP2K2,111
CXCL9,115
HIPK1,751
ANKRD28,105
MSR1,123
COL11A1,109
C20orf3,113
IGKC,111
HIP2,733
DBT,369
RPL7,381
TFF1,223
ARPC2,203
CCRL1,213
RABEP1,193
BCCIP,229
TRPM7,281
CRSP9,215
CTNNA1,405
PTPN11,237
CEP4,263
CRI1,127
CHRDL2,223
F2RL1,209
ARF1,403
HOXD12,217
PJA1,165
HUNK,205
EPHA8,93
PDZK3,221
SCP2,293
ASH2L,189
GJB3,207
C5,205
DNTT,241
CD244,205
PSMB3,207
FOXO3A,171
RBBP7,155
ZBTB7A,209
E2F2,181
WDR62,207
TRIM46,209
NAG,239
PSME3,281
LOR,209
PAPPA2,265
BTBD10,243
RPS6,537
ADD1,227
LRRFIP1,207
ZNF670,207
ACTB,439
SCAMP1,225
HDAC1,31
C18orf10,201
GFRA2,209
MAST3,221
TM7SF2,527
GPSM3,265
TGFBR2,411
RGS18,241
SMNDC1,221
KIAA1838,285
MC3R,211
DNAJB9,287
BMF,223
AMH,229
DDR1,69
C10orf4,249
PDLIM5,205
GYG2,209
SAMSN1,207
PBXIP1,293
FLJ20254,203
THAP1,243
PCGF6,205
PHLDA1,277
RTN4IP1,229
TAX1BP3,231
KRTAP4-12,-47
SMCR7,275
RHBDL2,207
IKIP,393
SMAD5,133
FDXR,207
UTX,291
HECW1,281
TFEB,191
GRM5,225
RUFY2,207
NF2,571
BCHE,209
CALM1,109
SRRM2,205
FLJ20850,343
TRADD,459
CLEC11A,207
POU1F1,179
RAP140,249
FKBP6,227
FOSL2,219
ARR3,271
MED4,235
LTBP3,175
RGS19,245
ZNF707,349
PDCD5,331
PIK3CA,287
MSX2,273
XRN2,265
EZH2,395
GOSR2,203
VAPA,209
FLJ10094,331
SEC24C,211
SYNJ1,437
C14orf92,225
ADAM29,207
ADAM22,197
DHPS,275
KIAA0460,207
HEY2,343
SOX18,225
DAZAP1,207
NRIP1,209
CPSF1,253
CFHL3,203
CXCL11,211
TGFBRAP1,187
SS18L1,305
C20orf31,209
SSTR2,275
C14orf147,237
EPN3,197
PIGK,205
GTF2H1,883
RTN3,295
VDAC1,183
IGJ,205
KIAA0515,203
NCLN,209
ULK2,219
ACD,241
RNPC3,79
RHOH,347
OTX2,209
DSC1,225
ITGAM,237
NCBP1,209
TSHR,281
UCHL3,205
GABARAPL2,263
PSMB7,203
NRP1,203
SCNM1,289
PROX1,305
AREG,227
LUZP5,203
LTB4R,209
DUSP11,247
STRAP,117
FLJ22386,255
CCL11,211
RAB2,229
PGK1,193
PIGH,225
KCNQ4,209
RGR,207
DCLRE1C,197
BMP6,183
COVA1,291
PTX3,221
SP3,241
MBTPS1,205
GMIP,205
ZNF335,239
OPHN1,177
SPIN1,183
STAT1,-57
F13A1,189
GAK,249
DNAJB2,241
RCHY1,843
NPHP1,413
ATF2,303
PSMB6,227
PSMD2,397
PDHA1,207
FRMD5,49
NUP50,247
FLJ21945,241
WWOX,853
HOXB9,257
CHRNA7,265
RAD23B,197
RAB1B,205
SCN8A,205
CAMLG,255
SRY,181
GPX1,267
SHRM,229
DHX34,213
WRNIP1,203
C14orf119,209
6-Sep,207
AIP,235
SSX4,191
UBL7,257
POU2AF1,241
JARID1B,229
THPO,207
ICAM3,293
CDH3,291
LOC138046,247
CACNA1E,209
C1orf94,283
CSPG4,263
STOM,217
C20orf28,245
PYY,221
CD34,283
FOLR1,233
FXN,209
EEF1D,43
DLST,255
KIAA1893,527
ADRBK2,251
FIP1L1,209
COMP,219
CSF2RB,313
CCNK,335
HPCA,209
SIM1,227
CNTNAP1,223
KCNJ2,221
SKIP,209
PPP1R12B,205
C9orf26,245
FLJ13910,263
DYRK1B,323
MORC1,393
JUND,57
NUP153,71
MAP1LC3B,269
NRXN3,235
LOC201895,207
BIRC6,391
THRAP4,299
FADD,223
CACNA1B,205
YBX1,697
MGC42174,337
IGHMBP2,207
C8orf33,169
PEG10,225
VPS25,243
ATP1A1,203
EPHB3,111
SMARCD1,315
GJA5,197
ZBTB3,239
HSPBP1,291
SOCS3,249
SLAMF1,177
ANKRD15,195
FAF1,207
MELK,223
RGS5,241
AKAP5,261
BYSL,257
PSMA2,401
CPSF4,207
RAB33B,205
USH1C,211
EML1,209
EBF,301
CBLB,447
MGC40499,213
KCNQ2,217
TLN2,229
BAHD1,379
RBP1,207
PPFIA3,189
TNRC15,199
MLC1,209
CST5,209
ZNF253,233
NDUFB8,223
ZNF354A,229
PIP5K1C,47
ARHGDIB,245
DNMBP,315
DCK,241
CDK8,211
NUDT3,265
KITLG,277
GATA3,201
MPHOSPH10,195
INPP1,209
NBR1,207
CCR7,209
RORA,169
HOXA5,179
XRCC4,189
IFNB1,195
SS18,207
TRPM6,205
FLJ10661,215
CDT1,207
RPS6KA1,231
STIP1,265
MST1R,439
NID1,265
MTNR1A,251
WARS,209
ARHGAP9,273
ZNF567,207
FLI1,239
CRIP1,237
TNIP2,229
BNIP3,215
PLP1,203
HNRPU,-9
KIAA0256,125
9-Sep,209
ITGA2,217
MYO10,243
SPINK5,209
TGM1,201
PCSK5,203
SLC6A4,217
MASK,219
FZD5,207
FIBP,209
BAAT,207
SPIB,131
HIC2,205
GABBR1,211
SLIC1,309
RGS2,331
NEUROG1,273
SNRPD3,309
NEUROD1,235
PTTG1IP,203
ABCC2,221
SART3,217
CTNNB1,-111
CRSP3,227
ITGAL,213
ITGB6,191
CREB3,225
TTC19,207
PDCD6IP,159
FBXO5,211
ISYNA1,203
MIZF,287
IL1A,195
XBP1,247
ATP1B2,207
MGC15416,247
STAG3,213
TRIM38,227
DSTN,265
GRIN2B,237
CHMP2B,285
ZBTB24,343
AKR1C3,355
MGC11271,-19
GNG7,207
DNCLI2,207
HDAC4,199
AGRP,211
FIGF,307
ARD1A,197
SLC34A1,221
KCND1,205
RPS2,209
PIN1,883
KLF13,227
RNF144,193
ZHX3,223
TCP10L,207
SSBP2,197
CCR9,209
CCL26,-51
POLR2C,201
NRF1,-51
SVIL,-29
MYBPC3,-49
C18orf25,-87
EDG1,-51
ROM1,-49
DISC1,-21
ME2,-55
SMARCD3,-51
MED31,375
RNF32,-51
GSTM4,59
HOMER2,-35
TRIT1,-43
MYCN,-61
PTK2B,57
NFATC1,-49
C1R,-49
AP1G2,-51
RXRB,-71
GYPB,-49
KCNS3,-51
C8orf48,27
UBTF,-141
HLA-E,-11
COL6A1,163
STX6,-49
SSX3,-49
NSFL1C,-65
PPCDC,-49
TXK,-39
NEBL,-47
MNT,-81
ACVR1B,-125
MGLL,-51
THRAP1,-49
DHFR,-45
EME1,-49
EIF3S1,-43
CD7,-109
CD72,213
UNC13B,-43
CYB5R3,-23
NGFB,-57
COL9A1,-37
ZBTB8,11
FYN,159
KIAA0133,-51
ACE,-49
OXT,-53
FLJ32734,-51
TCF2,-75
DNAJB6,-97
MYCL1,-61
FAM46A,-23
PLSCR4,-31
RHEB,-43
SRC,-85
RIT2,89
SCARB1,-51
ALS2CR8,-87
KLRC2,-41
TRIM54,-55
CAST,-49
TNFSF12-TNFSF13,-25
HTR2C,-21
PPP1R1B,-51
LMAN1,-51
CHD3,389
KIT,361
LIMK2,-23
LAMA4,403
HIATL1,-49
PORIMIN,-35
RENBP,-53
DFNA5,-57
KIAA0182,-65
UBD,-49
RERE,1
TOMM20,-45
CAMSAP1,61
RNF168,-51
IRS4,353
IFIT1,-51
C20orf27,-71
GABPA,-27
CHRND,213
HYPB,-77
H2AFX,-115
RNPS1,-67
FLJ14668,-47
NPPC,-49
UBE2E3,-131
WFDC2,-57
COL4A3,-45
IL27RA,-79
VAT1,-37
APPL,85
LNK,327
LRP2,1
DPYSL2,-1
SOCS2,-49
PAK1IP1,-59
CD209,-49
MAL2,-49
CNOT8,-49
SYK,193
MCM5,-3
FLJ37970,-49
PACS1,-87
SHCBP1,-49
BIN1,-61
FLII,-37
HDAC6,-133
MYO1E,-47
CINP,-49
IKBKE,-45
CALD1,199
LCP1,-49
SKI,-251
UBB,135
E2F6,-53
IRF3,-71
PTCH2,-49
ZMYND10,-51
CCR6,-49
PAG1,259
ZNF580,-53
GNA14,-49
NOVA1,-51
ENAH,-51
ZFR,-37
SSBP4,-45
CIITA,-51
SNX9,-45
IL29,-47
RNF12,-49
CHIC2,-27
DLX4,-35
INCENP,-51
BPY2IP1,-51
SNAPAP,-49
LRRN6A,-37
LUC7L2,-85
MAGI1,-105
MONDOA,-49
TMEM9B,-27
AKT2,-95
GTF2B,-181
YWHAQ,11
UBR1,-187
TNK1,-51
FMNL1,-45
RAE1,-29
RHOA,1
ADM,-51
MRPL44,57
ITIH3,-49
PPP3CC,-49
HOXB13,-49
ITGA9,149
CNP,-53
GPX7,-43
GRIK1,-27
KCND2,-49
GRIA4,-51
UBE2E1,-83
NDUFS1,-83
SOX2,-53
ALCAM,-49
C6orf102,-51
LIM2,-51
SNTB2,-49
PPID,-35
GLYCTK,-47
ZDHHC17,-77
MERTK,211
ARID4A,-115
PAEP,233
HD,715
GABRB2,-49
KIF18A,-65
EIF1,-37
ING4,639
MYH10,-27
MAFF,-43
SNW1,-225
FLJ11016,107
RAB11A,-73
SUB1,-117
LRRFIP2,-51
ACBD3,-37
TAF12,-49
PCGF1,-25
EXOSC9,-51
CDR2,-85
BCL2L11,-65
ST3GAL3,69
HNRPM,85
TP53RK,-21
MYF5,-59
COL8A2,-47
RFX1,-13
QKI,-19
PTH,-63
RRAD,-61
CLPB,13
KIF3A,-47
SLB,-47
MAP4K2,83
SH3BP5,-87
ELP4,-49
GABRG2,-51
AD-003,-49
IL6,-161
DPPA4,87
DCN,55
KIAA1683,-17
ATP7A,-51
TU3A,125
FLJ14768,-51
TNNC1,-49
FAM76B,-17
PRRG2,147
FAM46C,111
SCAP,-39
BIRC4BP,-51
LSM8,-45
ADRB1,209
MTMR8,-35
BNIP3L,-113
CYB5R1,-23
PTPRO,-51
ALB,-43
DCTN3,-49
PAK2,49
BMP2K,-49
FLJ31528,-53
ACTL6A,-53
LENG8,-27
MAP1A,-25
ITGB4BP,221
GYPC,-43
AFF1,13
S100A12,-51
TNFRSF6B,-53
FANCE,-51
PRKDC,697
HSGT1,-141
KCNA4,-49
SIX3,-25
BCL2A1,199
IL28B,-47
DDX11,-39
TRAF3,-153
G3BP,147
C18orf56,-43
MPL,-51
CDC42,861
IL4,-45
FLJ20758,-29
MYCBPAP,-39
YY1AP1,-69
CREBBP,311
HIP1R,-67
ACCN2,-51
TAF15,-51
EREG,-131
SOX11,-49
PAX9,-49
PKIA,-53
TLK2,-49
GEMIN5,-31
MATR3,9
JAG2,-61
GPC4,-45
KCNA1,-49
CAPN2,-47
PRSS3,-63
MASP1,-49
KIAA1008,-49
UQCRFS1,-51
PPP1R9B,-65
NDUFA1,-31
FBXO28,81
HTRA2,-43
CRLF2,-39
TRAF2,-635
NEK6,17
ARHGEF15,-61
KARCA1,-49
C9orf88,-23
STK4,629
ZNF197,-49
TRIM55,-55
RBM5,-27
KIRREL,-45
ABLIM1,275
ZNF581,-19
NR5A2,-123
PPP2R5A,-69
EXOSC5,73
SMC1L2,-49
RPIP8,-51
EXOSC10,-51
BTBD2,415
SRP72,-65
RPH3AL,-35
TIMP4,-51
TRAF4,-85
IGSF21,297
SCAMP2,-55
PHLDB2,-47
SERPINE2,-45
TSPYL1,-49
KRT6A,17
LYPLA2,-29
E2F3,-45
RAI1,-103
C6orf165,-53
FLJ20449,-47
PRKAB2,-49
FAIM2,-25
HBXIP,93
YES1,77
NFKB2,-129
PCSK2,-51
PPFIA2,67
ORC3L,-83
HUS1,-51
RAB3IL1,-45
APOM,-43
ADAR,-51
LRP6,-55
CR1,-47
MAN2B1,13
KCNE2,-45
CFHL4,-49
OTX1,53
GPHN,3
DKFZp566O084,-51
CDC2L2,-55
COPS7B,-51
TNFRSF10D,-51
GMNN,-81
PDPN,-49
MGC2574,-51
ANXA2,187
CRYBA2,-49
GHR,321
SENP6,-65
CCL17,-51
TRIM41,-49
VAV2,145
SERTAD3,-49
MMP10,-49
IFNAR2,-11
C18orf24,-45
MDFI,-315
TRPC5,-63
CYP11A1,-175
LOC90268,-63
PSMA7,-85
MAGEA11,-185
TRIP10,-63
KIAA1191,-37
COX17,381
ESRRBL1,-91
MID2,-51
COMT,-31
VGLL4,-39
EPB49,-27
DCTD,-187
CHCHD3,9
BAT3,271
PRPF38A,-179
CTNNAL1,-181
PER1,-187
DNM1,259
THY1,-135
BAZ2A,-203
CSTA,-215
ALG2,35
CSF3R,125
MORF4L2,-203
GPR143,-187
RAB1A,-163
RPGRIP1,-187
ZNF202,-187
ZBTB16,365
MTA1,715
GEMIN6,-185
POLE3,-187
RPN1,-167
ST13,-303
TNNT1,-13
SAMD3,-187
UBE2B,29
SMCP,-57
BMPR1B,-155
WNT4,-183
GANAB,-189
NEU4,-59
FLJ10357,-191
HOMER1,-187
LDHD,-187
POU4F1,-177
C2orf28,-187
NIFIE14,-189
REL,-181
C9,-185
EXO1,-175
LOXL4,-179
NHP2L1,-15
SNX1,-209
COL9A2,-189
AKT3,-183
ZBTB17,-167
IDE,-383
KIAA0372,-79
ALF,-187
EVI5L,-181
CENTB1,-189
MMP7,-155
EXOSC4,-57
STAT4,-207
TACC1,-183
NEU3,135
SH2D3C,-193
CNN1,-175
SURB7,-171
TCL6,-189
POLA2,-193
SNRPN,687
SERPIND1,-189
CTRL,-191
PML,389
C1orf65,-69
LRPAP1,189
KIAA1026,-195
PDIA2,-177
DOCK3,-181
PIR,-77
P2RY1,-191
TNPO1,-127
FREQ,-183
ARL6,-189
LOC56902,47
RAB27A,87
TGFB2,-179
MAML1,-115
TRH,-189
TKTL2,-187
CCNB3,-159
SEMA6A,-179
PPP1R3A,-187
PDC,-183
PLA2G10,-187
CLU,-203
DNER,-187
ADAM11,-191
TBX4,-189
BMPR1A,-67
CRYAB,-195
PSMD8,-235
UBE3A,641
MGC13057,-181
EFNB3,-181
MSI1,-189
ZBTB25,-1
TOR1A,-187
ELMO1,-187
TNFAIP6,-187
KPNA2,721
RANBP2L1,-187
MAPK8IP1,-195
GRM4,-185
UQCRC2,-189
MAP4K4,-151
SMARCA1,-189
LGALS4,-183
CFTR,-199
NOTCH3,-171
RECQL4,-185
MFSD3,-69
ARHGEF7,-81
GTF2A1,-237
CIRBP,-75
DDX18,-171
STAT5B,-247
H3F3A,-189
DGCR2,-179
SFRS10,-183
MSN,-169
EPB41L1,-183
RER1,-183
BAZ1A,-231
ZNHIT1,-175
PGAM1,-203
TSSC4,-189
CCL3L1,-189
PSG9,-133
LIPT1,-185
FLNB,-217
BAIAP3,-189
C6,-189
CNNM3,-53
LRP1,313
MGC5306,-209
MTF2,-103
IGSF2,-177
SEMA3B,-187
DDI1,-169
SFRS9,-181
HNRPH3,35
P2RY2,-187
CARD4,-185
PDCL,-183
182-FIP,-187
CD200,-185
RASL11B,-177
SELT,-187
IL15,-177
CXCL13,-143
KCTD3,-189
PTGES3,-159
SERTAD1,-187
DPYSL3,-189
BIK,-151
ZNF101,-39
GAL3ST4,-207
MMRP19,-223
DEXI,-171
RPA2,149
UTY,-159
CRP,-135
EPHB4,-189
ETV1,-189
RPS14,-295
TAL2,-187
TCEAL1,-187
HBZ,-183
NIPSNAP1,-183
SOX7,-185
CTSS,-171
C20orf6,-189
MCM6,-199
CASP2,-193
DELGEF,-189
GKAP1,-197
TSC22D1,-45
C20orf98,-177
FMNL3,-171
TLN1,-25
LAX1,141
PCM1,-155
MAPK8IP3,-187
PINX1,-185
SIGLEC5,-185
STIM1,-187
CASP9,-201
FLJ20259,-181
TRIM51,-91
RAGE,-205
THUMPD3,-189
CD8B1,-189
TPMT,-71
RALBP1,-185
BAIAP2,-157
HYI,-189
MAP3K13,-191
SERPINB1,-187
PHF10,3
NOC2L,-63
GC,-67
HSPB7,-189
ZNF593,-187
MATN2,-47
GAB2,99
PRTFDC1,-173
FAU,169
MASP2,-187
TRIM33,-185
FLJ10081,-173
IL21R,-179
MAP3K11,-145
DKFZp761E198,-143
IL7,-183
DSP,-225
CD200R1,-185
NR5A1,-233
BAMBI,-187
KCNJ4,-189
CSPG6,-183
PEBP4,-189
SMURF1,-181
FOXA2,-153
CD47,-157
WDR39,-149
DDIT4,-63
PTD012,-185
RPL28,127
STXBP5,-189
LTK,-149
TCL1B,-187
RFC3,-191
ADAMTS5,-187
AK1,-185
MGAT4B,-189
CD48,-133
POLR3F,-19
TXLNB,-189
PHPT1,-185
SCOTIN,707
ITPKA,-189
RPL11,215
ALDH2,27
VTI1B,-177
HOXC4,-199
VAMP8,-187
MEP1A,-113
HNRPF,-185
PTBP2,-143
GDF11,-189
SERPINA3,-177
KPNA3,-137
SLIT1,-189
ZNF167,-189
NRG1,-251
MBD4,-175
BCAS2,-189
SRI,-295
ZC3H10,-161
GNG11,-191
PXMP3,-117
TCF21,-155
ROBO1,-157
PGS1,-187
LRRC18,-189
ITCH,-201
PTPRH,195
TAOK3,-3
LTBP4,-191
GRIN2D,-135
POLD1,-159
SDC2,-143
ZNF510,-111
GPR108,-183
DCC,-165
MGC23401,-3
NQO1,-167
RDBP,-185
SIRT7,-179
CDH19,-187
EIF2C2,-183
ACTG1,193
JMJD1B,-171
JUN,95
ATM,713
CUEDC2,-177
SPAG7,-187
RASA4,-181
DDX39,-189
HCFC1R1,-187
DDX56,-187
RPS27A,-265
SMYD1,-199
VCAM1,-189
PRDM2,-181
FLJ20487,-71
LAMA1,-181
MAWBP,-185
TP73,121
LFNG,-171
RET,59
HK2,-179
BLNK,217
TTC8,-189
FAM13C1,-1
RKHD3,-187
MYL2,-187
NFIC,-189
KPNB1,361
Cep63,-163
FLJ11088,-177
HOXD4,-179
MMP2,-175
RPN2,-191
ADRA2A,-167
TRERF1,-129
RALA,-207
DSG1,-187
FGFR4,-189
TTC14,-1
GLB1,-189
RAD23A,-211
IHH,-189
HIRA,-179
TRAPPC2,-185
FBXO4,-189
ITSN2,-207
RAC1,-211
ANGPT4,-185
PLCB1,-189
TNFAIP1,-185
TERF2,-199
RABIF,-191
CHRNA5,-183
MYF6,-185
NGFR,-15
SNX22,-173
FZD7,-179
ONECUT1,-129
ATP6V0A4,-187
IL1RL2,-189
NRL,-187
CABC1,-183
PLSCR1,-341
SIGIRR,-189
PTMA,343
TNFRSF21,-185
SCAND1,-173
RAB26,-187
GLE1L,-189
LEF1,-135
GFI1,-185
POU3F2,-193
ZDHHC7,-189
MCM3AP,-47
SLC7A7,-183
JARID1A,-15
CRYBB2,-195
PNMA6A,-189
SRP68,-195
WASF2,357
CTNND1,-153
AP4B1,-187
OAT,-189
CANX,-67
OGG1,-171
COLQ,-191
RBM11,-165
SNX13,-185
NR2F1,-53
POU3F1,-175
EIF2B1,-179
FLJ44216,351
NKX2-5,333
DCP1B,283
RPS13,345
RP2,347
HNRPR,325
ANXA13,345
WASF1,355
NKAP,365
VPS37B,331
ISG20L2,347
RNPEP,361
REPS2,429
PPM1B,345
IL6R,359
IDH3G,345
DLG7,329
DTNB,357
STX8,347
PRKCQ,255
LILRB1,257
SCAP1,463
DMPK,349
CLK1,377
RWDD4A,345
SIRT3,345
TSPYL4,349
MRC1,345
CBFA2T2,295
GTF2H4,333
GYS1,349
FRK,217
LYPLA3,345
SYTL5,365
EXOSC3,337
TACC2,345
HIVEP1,93
KRT15,-99
IFNW1,335
COPS4,263
BBS4,345
MORC4,365
TOP3B,219
ARF5,337
PARP3,335
KIAA0692,363
ITGB8,341
MAPK9,781
PCBD1,467
DUT,357
PB1,351
ZNF41,67
FKBP8,339
MPP1,369
PDPK1,341
MYOM2,347
MTSS1,349
CXorf2,351
UNC5C,347
CLDN5,349
PICALM,381
CHRNB4,351
CRY1,329
NOL1,357
SAMM50,343
VCPIP1,319
SNCB,341
FLJ13855,365
TNR,347
ITPR1,331
DGKH,347
TANK,309
NUP210,269
1-Sep,351
LENG1,345
C2orf3,267
SMAD3,-615
PPP1R16A,273
HSPC049,337
KCNE1,347
KCNJ9,459
GK001,371
SLC40A1,359
EID3,343
DNMT3B,267
PIAS4,263
PRAME,347
GOLGB1,99
RDH5,347
MAGED4,359
PBX1,321
SNCG,341
CYBA,329
MLLT3,269
AQP5,329
NDOR1,253
DDB1,347
MAP2K3,377
AP3B1,261
M11S1,539
DLG5,191
CNR1,351
CFHL1,345
FGF19,347
DST,425
NFRKB,341
NOMO1,355
GLS2,359
EPRS,329
PVRL2,323
DRD1IP,345
CAND2,267
ATF1,171
NFATC4,271
PLAC8,343
TUBB,539
MGC14817,347
CUL1,359
PSCDBP,347
RRS1,343
MAFG,103
CNTF,351
PFKM,367
C20orf72,357
SNRPA1,347
TNFRSF18,337
TIRAP,331
CPB2,341
EAF2,335
IFIT2,345
MDM4,741
CD40LG,357
RAD51L1,345
PPIA,87
NELF,367
COMMD3,359
PSENEN,351
FAM32A,345
PRDX4,337
VIL2,215
LPHN2,347
NOB1P,343
CD177,221
ANAPC10,79
RRAGA,347
P4HB,563
TRIP13,159
TRIM37,101
EIF3S9,371
XRCC1,219
LRP8,237
RASA1,351
AKAP8,347
FCGR2A,327
JUNB,123
ARFIP1,347
DRG2,345
C13orf21,221
WDR1,345
HMGCL,347
NPFF,351
APOC2,361
TRIM29,183
COL14A1,343
UGDH,347
POP5,347
WNT3A,347
PLEKHB1,353
MYT1,337
DAP3,125
FXYD3,351
UCN,349
FKBPL,357
IGBP1,347
SYT17,349
SLA,427
COL13A1,201
KCNJ10,341
DCC1,351
CTTN,421
KIAA0514,347
PITPNM2,381
KIF1B,279
KCNB1,357
C1orf103,3
ZNF435,345
NME2,267
SLC25A4,195
MUTYH,335
BCKDK,341
THOC1,217
IL2RB,399
ZNF410,347
Cep72,179
LAG3,335
CSTF2,283
IF,341
GGT1,347
NUMBL,351
MAZ,347
AFTIPHILIN,343
FCGR3B,345
MGA,349
NDP52,-93
RECK,341
SUCLG2,347
CYP17A1,345
MFAP4,347
MGC21881,329
SMARCA4,-7
SORBS2,359
PRSS1,327
PARG,347
KCNN2,353
ALOX5AP,355
E4F1,769
NME1,299
MARLIN1,347
HSBP1,359
MORF4L1,215
ARHGAP5,331
MME,267
ICAM2,347
FBXO2,339
C19orf32,347
CDKN2C,849
POGZ,365
RGMA,379
CHAF1A,263
TLR1,347
IGLC1,361
STIM2,255
RHOJ,449
LOC147791,339
APOB,287
FBXW7,103
SERPINB4,345
MAP2K1,403
MALT1,337
CFDP1,63
PPIB,363
PPP1R7,129
FABP3,345
NIPBL,359
TAF1L,357
YAP1,359
C9orf65,221
CFL2,249
WEE1,363
HOXA1,221
TRIP11,217
KLHDC5,341
PDCD7,255
RPL27,539
PRPS2,345
FURIN,231
TTF1,355
PAK1,361
HPRT1,349
SERPINB3,345
HIVEP3,339
FZD6,351
BCL2L1,741
EXOSC1,341
HLA-DOB,347
GNA12,319
ZNFN1A2,349
IL11RA,345
CENTA1,327
APBB2,325
COX7A2L,357
THEX1,345
SCD,345
C2orf17,389
ANK2,347
ENPP1,327
DCTN5,353
COPS7A,369
ADRB2,441
IL7R,243
RUNX3,277
C2,337
SPRY4,349
TFAP2A,793
FLJ20433,355
GLS,363
EHMT2,433
ITGA8,177
RPS15,343
TRPC4AP,319
IMPA1,345
RIMS1,345
VDAC2,245
DNPEP,333
NR3C1,529
MAPK13,267
DLGAP4,253
SAA1,339
TNFRSF10A,359
APPBP1,319
ICAM5,351
APBA1,331
HSPA1B,345
CITED1,63
FLJ23342,345
PRNP,479
STX7,345
RAB3D,347
MLNR,349
RBM9,357
RND1,347
UBE2I,547
ST14,347
PEX26,361
BAP1,265
CTRB1,327
DES,331
TRRAP,341
ST3GAL2,345
LARS,283
DIO2,347
FHL2,77
MCL1,331
ZCCHC14,347
SECISBP2,319
PDZK1IP1,269
RARG,345
AP2M1,495
GSPT2,241
SF3A2,365
CKMT2,365
ZFPL1,345
BAZ1B,375
SLC12A2,345
RIPX,367
DPYSL5,329
SGK,335
TLR2,341
ZHX2,347
KIF5A,355
PWP2H,371
BAI2,55
PSMC3,331
HOOK2,181
MGC40107,357
KCNJ8,349
BLK,415
RPL10,535
PTPRF,239
ERP29,337
PTPRZ1,263
IL1RAP,233
SLC29A1,347
XPA,347
THBS2,343
FLJ22624,371
ASCC3L1,359
POP7,323
RAD18,335
AKAP8L,329
SALL1,249
RGS3,257
SV2B,345
TADA3L,801
NAP1L5,385
HNRPL,305
CA9,303
TTBK1,355
NTS,355
IL1F7,347
ITIH2,361
SCN10A,357
CD74,257
ATXN3,361
NCOA6,-101
SERBP1,137
CFH,215
CRMP1,315
RHO,227
MAGEA3,231
MGC2803,227
FAM50B,229
C16orf24,963
CNTFR,229
CSDA,221
OTUB2,213
FLJ23825,291
PRKCE,267
MYO9A,81
TRIP6,441
PTPN13,167
VLDLR,189
CYP11B2,215
PTPN4,265
RRAS,227
TNFAIP8L1,187
DNM2,159
EXOSC2,213
PLN,221
PC,223
PLA2G1B,223
AGER,115
HADH2,219
EEA1,219
DAZL,137
KIAA0368,221
SCYL3,225
TRIP,215
USP53,209
HERC1,219
NCALD,203
C9orf9,201
C15orf15,223
COL8A1,469
TGM2,161
U2AF1L2,191
THAP5,125
DDX6,225
SAE1,221
ZP2,221
SNRPD1,199
RAB3IP,215
PXN,-1001
SIX5,221
KIF13A,159
ZCCHC7,211
HLA-A,229
SIX2,227
LYST,211
RPS27,465
ARF6,203
MYBBP1A,31
COPE,217
SRP9,223
RDS,201
HOM-TES-103,223
RNF111,31
GLP1R,223
BICD1,221
SLC25A5,477
TNFAIP8,221
FLJ20625,199
TRIM23,241
SEC61B,219
FGD1,71
GIPC1,249
FAM86A,225
EXT2,223
CD79A,297
TIMM17A,213
ECAT11,211
POU4F2,133
HSPA9B,957
PTPN2,233
MED12,219
NFIB,221
PLAA,207
SVEP1,77
FKBP5,175
C1orf114,173
SPAG4,221
MYC,-81
PIP,227
WTAP,169
GTF2F2,17
IDUA,225
RPA1,-39
PPP1R8,115
PARP11,221
RGS7,175
DPF1,221
FLAD1,225
CREG1,79
REC8L1,227
UBE2L3,-233
LOC51204,73
EWSR1,-95
TGFB3,213
EPB41,251
C1orf149,227
SH3BP1,215
VPS18,223
FTL,213
CYB5,223
ITGA4,221
CD5,279
LPHN1,223
AP1M2,225
COG5,475
ADD2,83
DDX46,217
CCDC5,233
ETS1,-191
SLC22A4,223
C14orf139,133
COPS3,195
C9orf16,211
SMARCA5,223
TJAP1,221
ARHGAP1,65
DLX2,221
MMP17,191
SLPI,187
TBXA2R,219
PLDN,235
GNL3L,201
GJB2,197
PSME1,179
AP3B2,225
ITGB1BP2,209
HOXA7,223
HERC2,223
G6PC,219
SHMT2,167
SERPINH1,483
C10orf97,195
CNGA2,219
FZD4,205
PPIE,227
MBIP,241
KIAA0980,69
CHRNA1,213
MAGEA4,211
GRM8,205
CSPG3,157
XTP3TPA,201
USP6NL,411
PRKCZ,183
STK39,261
MGC13138,251
CDK5R2,217
PTPN5,73
SIRPB1,231
XCR1,223
PIK3R5,225
APOBEC3G,215
CATSPER1,203
LMO3,281
STAU2,229
MAFK,67
RNF25,227
ZNHIT3,103
HSPA5,499
F5,215
SLC6A9,217
ILF2,215
P2RY12,125
CCNE1,19
DDX24,157
PSMD5,203
CSF3,217
TFPI,225
RPS3A,181
DOM3Z,221
SIL1,213
PIP5K2B,253
PRO1855,217
HMP19,221
CDC6,235
HLA-DQB1,227
COL4A5,187
IGSF8,197
CBX3,209
HSF2,137
CRSP2,-117
TNNI3,215
EFNA3,223
PPP1R13B,173
TP73L,401
TEC,341
SFRS5,217
MEN1,-15
KEAP1,223
RCBTB2,213
EIF2S3,221
PTPN6,319
HAPLN1,219
NIF3L1BP1,223
ARNT,103
NDRG1,191
FBXO34,221
LRP2BP,215
MBD6,227
NUP107,231
RFXANK,223
RELB,217
PEX3,217
HRMT1L1,207
NCOA4,79
OBFC1,211
CCL20,219
ATP1B1,269
SNRP70,57
TMSB4X,217
PEX5L,205
SMAD1,-11
SCNN1A,171
DOK5,237
CNOT4,223
NOTCH1,65
GSN,385
DKFZp761P0423,209
C10orf18,227
DOCK1,217
S100A10,189
C1QBP,223
S100B,957
HYLS1,211
PRIC285,221
CD33,291
CDH10,235
(null),-537
CDC2L5,215
ELA1,219
ABL2,131
NAP1L2,229
IPO11,241
SWAP70,163
PLAGL1,37
C15orf29,167
RAD54L,169
FNTB,221
ORC6L,223
SEPHS1,197
EGR1,791
SLC1A5,227
MTMR4,219
FAM84B,225
4-Sep,221
KIAA1049,85
CKAP5,167
CHP,217
CRYZ,221
PHYHIPL,223
MOBK1B,239
BACH2,97
RGS6,207
NPAT,215
DDX5,127
MAP3K10,-3
ANXA6,177
SNAP25,215
SLC3A2,453
CLEC4A,271
PADI4,221
SH3GL1,295
TNFSF14,217
BTG3,223
SNRPA,217
K-ALPHA-1,395
EEF1G,323
LOC84661,221
ARHGAP26,317
SATB1,3
ANGPT2,207
CAT,165
RANBP2,59
AMPD1,223
AP3D1,221
IL22,229
HOXB1,159
TREML1,293
BANP,209
PYGB,221
INS,223
THBS3,223
HHLA3,217
BMP4,241
AMHR2,221
TIMM50,243
GOLGA5,215
ZNF198,55
CYP1A1,221
CASP1,-15
SERPINC1,221
RNF2,37
CDCA5,171
PRC1,237
BOC,271
LAMP1,217
CYCS,163
LIMS1,217
JAK1,305
DGCR14,219
EEF1B2,255
PHC2,219
HK1,221
PFN2,257
GOLGA2,171
KIAA1279,207
CEBPE,79
BDP1,99
MAPRE3,217
PTP4A2,223
PABPN1,231
USP13,187
PSME2,223
AGTR1,259
WDR44,225
RBM7,153
UBE2G2,203
EIF3S4,165
MTF1,221
AAMP,219
OPRS1,221
EDEM1,223
ELA2,199
EDN1,227
DKK2,221
PPP1R3B,173
TRAPPC3,225
DUSP4,241
EPHA4,91
S100A1,199
CCNF,223
FAM96A,221
LGALS3,223
TGFBR3,211
FOS,3
SDC1,223
TNFSF10,165
VAPB,223
C20orf75,207
ECH1,193
CASP14,209
SIP1,187
ANKRD27,149
PSMD7,217
DMP1,217
CHMP5,221
MS4A7,221
ERCC8,223
USP5,111
LRP5,199
MAPK1,239
RWDD1,217
ABCB8,75
TCTEL1,175
DUSP2,261
HLA-DMB,219
STK36,235
ZBTB11,217
CYFIP2,227
NCSTN,229
SMARCA2,7
IFI16,959
MAD2L2,239
CUL3,217
KLK13,59
GALNS,59
SMO,59
TARDBP,61
PTK9L,61
EXOSC7,59
RAPGEF6,63
HK3,63
RIPK1,1
C14orf32,-207
LIMS2,83
GJA7,63
LOC221955,59
SMTN,23
RHAG,59
ATF4,-147
P4HA2,69
RGS10,63
CLCF1,59
KIAA1217,61
SH3KBP1,241
RPRC1,97
HESX1,47
TNFRSF17,97
GRIN1,67
CCR5,63
DSCAML1,59
TACC3,27
ASB13,69
TST,61
TPBG,59
ZNF297,59
LRPPRC,61
PRPF4B,71
FES,-41
ASCL2,69
GNB2,59
AMPH,77
DBN1,69
SMAD4,-153
MAP4K3,61
S100A13,71
GCS1,61
EBI2,63
NTN1,61
TERF1,-13
MYO1F,-157
MGC7036,59
ATG12,-41
AMBP,49
NAGK,-203
SST,65
KLRC1,49
FBXO18,61
PYCARD,93
NCBP2,71
GPC3,61
ELAVL4,-157
TRO,59
PILRA,41
KIF17,59
IRAK1,73
NONO,165
RAP1A,15
CABIN1,-65
NR2E3,63
NAT6,69
ZNF330,67
TBL1X,-111
NOS3,-19
UGT8,75
IQWD1,71
RPL14,175
LOC124402,79
WT1,909
MYH11,61
SNIP,55
TAF6L,59
CTNNA3,-115
NCOA6IP,63
ING5,935
BSG,61
MYPN,73
USP22,75
ATOX1,61
CLDN1,59
PREI3,257
MATN4,61
SH2D4A,103
FHL3,1
NFIL3,9
TPH1,-23
PSG1,69
CA2,49
ZFP36L1,67
SYNJ2,227
CLSPN,-119
LRSAM1,59
STAT2,-77
DLX1,-123
SH3MD1,47
INSR,-81
ZNF587,97
POLR2F,61
IL18,67
GCSH,-21
FGF6,61
HIST1H2BK,59
PF4,61
FRMPD1,33
EIF5A2,61
HOXD9,37
GALNT5,61
C6orf166,111
DERPC,59
TRPV1,63
SOS2,211
IL8RB,63
POU2F2,95
PA2G4,-25
RPL21,179
IPF1,85
CISH,-203
CNKSR2,87
FZD8,61
JAM3,65
DOC2A,59
TNFRSF11A,73
NP,927
ARPC4,87
TNFRSF25,75
C1orf182,63
RCN2,65
RHOC,67
IBTK,87
DDAH2,63
ESR2,55
LDLR,39
C1orf117,-163
DKFZP434H132,65
UXT,-87
RNUT1,89
GJA8,65
ZNF148,913
ZHX1,377
FBXL5,59
KRT8,-55
PLAT,-47
SYNE1,-53
PPP1R10,47
SIGLEC7,247
SUPT5H,61
RAPGEF3,65
PDCD2,23
COMMD8,71
MGAT1,97
TWSG1,61
TSC2,33
USP2,137
MTCP1,-159
CCNA1,-279
PER2,65
CAMK2A,63
ABCF3,65
SORBS3,-13
C16orf34,1
PHOX2A,-41
UBE2A,911
NUDT10,61
MC4R,61
UNG,97
FLJ36046,3
RFC2,97
LIMK1,55
TRDN,61
SGTA,-37
NUP214,-169
WNT5B,59
MTIF2,65
TOM1L1,479
SNTA1,241
HOXB7,-27
RFC1,-57
NUCB2,63
ADAM10,59
TOM1L2,89
REV3L,59
IARS,59
CLIC2,61
CEBPZ,919
HDAC9,-143
NR4A1,-107
CHM,59
STK19,63
B3GNTL1,61
BMP2,65
MYCPBP,83
BCL11B,65
SDK1,119
BICD2,69
PDE6D,65
HARS,25
KIAA1712,-5
Kua-UEV,59
UBAP2L,25
TOP2B,891
RAD50,-95
CHUK,903
HIST1H3G,59
PLA2G5,59
UBQLN2,125
NCF4,1
SPOP,-19
EXOSC6,97
IL8RA,79
FLT1,49
METAP2,63
TRIM8,65
APOE,-5
MAGOH,59
TNFRSF13C,59
RAF1,189
LEMD3,81
SNX5,61
MYOG,-29
KSR,61
LIF,63
NPY2R,59
POLDIP3,61
LILRA3,-157
SPTB,79
GAN,59
HES6,89
IQGAP1,-89
NR4A2,23
CDK2AP2,59
STRBP,87
TINF2,67
ADAM19,93
COASY,67
CIB2,95
MYO1A,95
ANXA5,81
SNX2,-49
TF,69
NFKBIB,55
CTSE,65
CRLF1,59
CALCOCO1,69
NME4,63
FLJ13154,-111
PPIL3,65
NOTCH4,71
NR0B2,-139
CITED2,229
LMO2,77
GFRA1,73
MGC34821,-157
TLR4,69
RASGRP1,61
CGB5,63
CDC5L,33
WDR24,59
HDAC5,-81
FOXF2,-3
TBCE,61
COL12A1,181
SGCG,61
SLC2A2,61
PRKCG,63
PTPN14,-123
ASNS,59
CCL5,235
CDS1,-99
USP16,53
IL1RL1,59
LAPTM5,-55
LOH12CR1,61
CXCL1,59
MCAM,35
MAX,-127
NOC4L,49
ESM1,25
RAG1,11
ZFP276,59
CLIC4,59
SNAPC5,59
SRGAP1,67
MGC3121,63
RENT1,65
PPP3CA,99
YLPM1,67
PTN,-85
PLEKHC1,61
MYH2,61
SOX5,31
ZNF334,61
YT521,25
TPM4,105
MTR,49
SOX3,59
TBL3,73
AMSH-LP,63
GPRC5C,61
USP33,63
PDGFC,61
PHACS,65
EDF1,5
GTF2I,23
MYOZ2,-151
RAP80,15
MATK,73
CHRM1,79
NGFRAP1,113
HCRTR2,63
PTPRB,-111
ARHGAP15,67
SEC14L2,57
ACTR3,61
C1orf111,113
POLR1A,59
SDCBP,69
JMJD2B,59
GRIK2,-103
DOCK9,65
RAP2B,61
MAFB,31
L1CAM,65
STAM,45
LOC284352,61
KCNJ15,59
ZFAND2B,75
RNF14,-141
SF3B1,77
SYT1,45
IFI35,59
IGHE,61
IK,293
DLG2,35
DAB2IP,63
RAB33A,63
MIP,59
QP-C,59
TK1,953
AVO3,59
ERVWE1,61
MOPT,61
INPP5D,229
SURF2,69
FABP4,37
TIMM8A,61
ANXA7,77
CARD10,63
ROBO2,69
HNRPC,427
GCGR,61
RAB7,61
STX5A,927
LHB,63
EIF5A,73
OPTC,59
CD38,81
PKN2,57
TXNRD1,59
GSTP1,65
TP53BP2,881
TGFB1I1,223
PAIP1,89
LAP3,51
SN,59
TRAF3IP2,11
BLM,947
PEX13,79
RASSF1,39
IL5RA,229
SFRS1,21
PMP22,291
XCL2,271
TNFSF18,271
C4BPA,271
NRD1,257
HIF1AN,253
NUMB,257
DBP,227
C6orf167,287
ROS1,279
CCND1,-27
MBD1,209
GNL3,805
RBMY1A1,275
TNFAIP3,331
PERQ1,245
TOB2,267
MRPS26,275
ATP4B,291
HIST3H3,309
HRK,275
HFE,291
CD3D,261
CENPJ,277
BANF1,333
ACMSD,339
SEMA4F,275
TPM2,353
SKP1A,269
WNT7A,271
ARSF,269
EIF3S3,355
ABCD4,265
NTSR2,273
SNRPE,351
CRADD,329
TP53AP1,293
POLR1D,339
SLC7A5,271
CSNK1G2,263
IL21,271
GNA11,265
IFI27,313
RIPK2,289
RPL12,-19
COQ6,231
RB1,315
ZNF496,281
PPP1R12A,277
MYH13,271
PRKD1,195
PDHB,301
TMEM57,349
CD1B,277
MGC21688,305
Dlc2,185
CTSK,269
ZNF585B,271
RPS3,271
C1orf123,263
BARD1,3
CSNK2A2,131
FBXL12,273
HLA-DMA,257
ZNF499,303
RBX1,255
LSM7,293
NCOR1,-13
GATAD2A,271
MED28,355
SEC11L1,271
STMN2,391
MGC2749,57
TAL1,265
CHRNA2,271
EPB42,271
WAS,451
CDK5RAP2,243
COX5B,177
CDH23,271
CD14,281
DLG4,137
TAF1B,801
SLC16A8,273
RYR1,263
RAB27B,273
F13B,271
USH1G,273
SRP19,275
RELA,299
ZIC1,303
KIFAP3,285
PPAP2A,273
DNAJC10,353
AHR,247
XPNPEP1,271
RNASE6,281
ARIH1,275
MMP1,287
CELSR3,283
NBL1,271
CKB,301
CD24,289
RPL9,333
ARHGEF2,281
DRD5,261
SF3B4,271
TLOC1,271
CDK2,63
TIAF1,265
LSM10,275
GIPC2,213
SELI,163
PTF1A,265
NOV,281
FAAH,333
MYCBP,299
HIST1H2AC,271
PDK3,271
NOS2A,259
RAB3C,271
CEBPB,89
AKAP12,271
KLF9,273
WASPIP,263
SLC4A4,267
KIAA1033,7
PABPC1,307
GORASP1,271
EXT1,271
CCNDBP1,255
NOTCH2,275
GOSR1,293
NEFH,281
PAX6,289
TBC1D8,273
CAPZB,223
TEX27,293
BRAF,289
RTN1,271
RNF4,133
IL17B,269
ISL1,321
UTP14A,83
FLOT2,269
ARPC5,273
LCT,279
COMMD1,269
CHD6,315
ZA20D2,273
ZNF263,239
SURF5,295
SOCS1,363
RANBP6,7
CGI-37,275
JM11,359
F2R,297
HSPC121,267
LTBP1,271
KCNH2,285
GRB10,117
OTC,271
GNAZ,277
MGC17624,281
CCL16,269
RP11-529I10.4,273
FGFR1,443
ELL3,273
FLJ20366,275
XPOT,321
THBD,267
MAP3K14,251
AGGF1,357
CTGF,281
GNPTG,271
PSMA6,273
RASD1,343
ZNF638,373
FMR1,221
NHLH1,267
LPP,277
SYMPK,265
PUM1,281
GM2A,249
HP,255
DNASE1,271
SNX15,299
TRAF5,195
IMPA2,301
VWF,305
RAB4A,807
MRPS18B,163
NAT9,289
OSBP2,305
RACGAP1,271
TLE3,279
PRPF19,273
SYT3,269
ZNF417,377
GLRX,271
CXorf26,269
PTCHD2,275
VPREB3,271
ZNF337,19
RCOR1,273
DKFZP586J0619,273
DAP,237
ALDOB,273
SNCA,245
MAGED2,393
KLHDC2,279
SLC25A6,353
PSMB1,277
C3AR1,265
PRDX1,355
PIK3R3,165
NR2F2,253
SOX13,273
IGFBP2,273
PTPRC,453
TAPBP,271
CD4,275
GRB14,187
RECQL,273
AKT1,83
NR1H4,285
PLK3,815
HSPA14,271
TBR1,275
RAPGEF1,429
CDC25C,841
CD36,249
GRK5,315
NUP155,321
LRCH4,335
TSN,271
TRAT1,203
AP1S1,269
C14orf135,271
NMI,195
FBXO7,273
KLF1,275
WASL,461
SRPRB,273
SCAP2,203
BTLA,287
SNRPB,265
RETN,271
PTPRR,273
VIPR1,277
VPS29,-31
TRAP1,159
IGFALS,273
TGIF2,179
PTGDR,273
ARNTL,235
CD151,273
F2,267
BCL2L14,277
MGC12538,367
ENG,255
SPTA1,267
TPX2,-35
PDE6G,455
RASSF8,273
PRKCSH,267
C14orf1,153
GABARAP,287
LAT2,455
MYOT,279
BUB1B,413
SLC25A17,291
SPTBN1,357
RAB11FIP5,275
RAD21,265
ARL11,271
TNFSF4,359
ELK1,297
NUP62,309
PRELP,289
NFE2L3,275
BCAT1,277
MASA,271
ANXA9,291
CTCF,263
GRIA2,271
PCNT1,309
ALX4,291
THAP8,799
HIRIP3,271
OPRK1,273
TSPYL2,275
CSE1L,255
PIGT,271
CACNA1D,289
CPSF6,185
ALOX12,273
SERPINA4,273
CPAMD8,269
ZNHIT4,267
SNRPD2,183
DEDD,273
MEOX2,287
FLJ10404,275
ZFP36,381
SULT1E1,791
LRRC54,355
CASP5,271
BLR1,273
CASKIN1,275
C10orf54,233
AP1M1,239
EGR2,303
DDX3X,275
ABTB1,55
PMF1,261
ARFRP2,287
REXO1,271
DUSP13,359
BXDC2,233
F2RL2,273
GTPBP3,251
ZNF691,265
HIST2H2AC,275
NUDC,273
EPS15,179
CSN3,269
ADMR,273
MNS1,163
COTL1,273
GLI2,281
RYK,273
KHDRBS2,179
LOC85865,273
FOXG1B,345
KRTHB1,399
BRD4,287
GRM1,291
EIF4EBP2,277
ACHE,271
SUPT3H,335
CTNNBIP1,317
WNT1,277
TOM1,283
CDH4,273
ELP3,273
ARID1A,269
ZNF232,271
PTPNS1,279
PPP1R3D,271
NFKBIA,835
WDR68,271
LOC58486,239
STAMBP,277
FTSJ3,295
HEXIM1,239
ITGAX,261
TCERG1,337
GSTM1,271
C18orf54,341
FEN1,257
GSPT1,283
RFC5,335
IL16,327
VNN2,273
HSPB1,827
NEDD8,275
UGP2,285
UBXD5,393
C21orf33,277
COL18A1,263
C8orf30A,271
IKBKG,457
ANLN,485
MAPKAPK2,559
EB-1,473
SDF4,475
LIPC,467
RPP14,579
SGTB,525
PPIH,483
LIMD1,483
BECN1,537
PLA1A,475
INSRR,499
RFX3,629
SEC63,487
C14orf166,537
FANCF,541
EIF3S5,587
THAP4,473
ADCY1,483
MS4A2,479
CD58,485
ATG4B,483
IGSF1,489
MDS1,449
NEIL1,479
raptor,483
PPFIA1,591
PPP2R1B,485
HLA-F,487
PMCH,485
NPHS2,479
WAC,487
TSC,487
KIF13B,425
2-Sep,585
TSRC1,477
GAS1,483
WDTC1,531
KLK5,483
GRINL1A,537
MGC4707,543
HAND1,467
HR,447
WWP2,329
B2M,553
KIAA1875,547
CELSR2,483
RHOG,459
KIAA1333,485
POLL,467
CSTB,485
FUCA1,531
GTF3C2,465
COL6A2,881
ASIP,489
CDC2L6,487
MPG,475
SYT4,473
RBBP5,463
NME5,485
BTRC,535
GP5,483
SESN1,475
ADAM15,863
CPNE4,631
SLC27A6,503
PIK4CB,483
C12orf22,529
FGF10,483
ELF4,489
LRRN5,531
NCOA1,211
BRD2,463
MET,917
AVP,485
IRF5,479
VDAC3,581
HMOX2,177
SF3B2,483
EGFL9,475
VAV3,707
COIL,523
TWIST2,495
RCOR2,493
ATP5C1,473
CNGB1,485
NID2,535
PDGFRA,499
KIR2DL3,483
BCAN,485
PTPN23,581
ATP5H,489
CKAP1,483
FTS,527
PPP2R1A,423
FLYWCH1,489
CCR10,477
ANP32A,529
GTPBP1,473
RFX5,483
LU,491
CCDC22,487
POLD2,473
FBP2,609
ASCC3,525
AP4M1,485
CTSL,525
ASB2,611
FSHR,513
GNGT1,485
ASB8,487
GPNMB,479
TRIO,477
PCSK7,477
ZNF287,483
EGFR,-283
NAB2,529
PARK7,489
SCRIB,483
NCL,797
SNAPC3,465
ZNF473,483
CDX2,567
YAF2,481
HDHD3,469
NTRK2,361
PYCR2,537
FLJ38984,489
BAT2,933
IGFBP7,483
PKP4,477
MGC11257,643
CCS,483
NY-REN-7,477
POLR1B,563
PLCG2,541
PKN3,483
BCL2L13,483
STK11,791
PIM2,477
MX1,563
KIAA0804,611
C18orf45,611
VDP,537
CALB2,483
PDE9A,483
PLK2,485
MAPKAP1,489
FLJ10324,449
MMP8,485
SEMA4C,417
SGNE1,479
BCL11A,487
MFNG,491
LUC7L,533
MUC16,477
IL12A,485
GRPR,485
ZNF426,757
BRD7,361
POLR2K,517
NUFIP1,489
RNF138,487
F2RL3,485
PTGFRN,481
DDX20,495
NAT1,485
OBSCN,483
SERPINF2,539
DPYS,483
NFATC2,229
LMX1A,489
MGC10433,601
C10orf119,487
CACNG2,429
RASGRP2,483
PVRL3,497
CSF2RA,409
HOXD10,485
EDG8,487
NEDD9,453
G3BP2,511
LYZ,485
CDH1,425
CLTC,567
C19orf25,751
GLI1,483
LSM2,587
PRKCA,737
ITM1,483
TLE1,147
APOBEC2,483
LGALS7,483
MAP3K4,469
HNRPUL1,487
MAGI3,533
C1QA,459
SUV39H1,409
CALCA,485
TNFRSF11B,477
OSTM1,485
SPG21,623
USP4,541
EFHC1,483
HOXA9,461
PLOD3,659
MLPH,483
VSNL1,497
NXT1,483
FUNDC2,453
ZNF588,481
TP53BP1,539
FLJ11078,485
RAB17,585
PKP2,499
SPTBN2,477
FZR1,633
REPS1,883
TSPAN6,675
TFAP2B,485
GMEB1,439
RAB8B,401
GOPC,449
MAP4,907
HTR1B,485
NPR1,489
FLT4,881
CIDEA,401
ZF,439
PDE3B,485
FLJ11710,483
KDELR1,485
PTPRD,551
PSMB8,481
PALM2-AKAP2,483
MMP25,483
U2AF1,583
ARC,487
TUBA3,931
THEG,619
DSC3,525
LHX2,477
TNFSF13B,497
SCN2A2,547
GADD45GIP1,533
RAB5B,489
KRT10,473
OPRM1,603
ROR2,551
SRP54,483
CDC2,841
RAI2,485
SDCCAG3,619
CLDN3,477
TNFRSF9,631
CEBPD,425
CAST1,599
TP53,-867
TP53INP1,771
TIMM44,479
DCUN1D1,485
HRH1,483
SPINT1,489
PMAIP1,405
CHFR,587
AP2A1,601
UBE2M,485
ASL,485
GCG,483
RCN3,487
NALP12,871
ENC1,459
FGFR3,1043
JMY,563
MEFV,483
TM9SF2,479
VAMP3,479
LGTN,483
SLC4A1,483
POLI,683
CEP1,483
FLJ13391,369
EDA,485
IGHM,473
LIN7B,477
NCAM1,489
PDAP1,489
CSPG5,485
HNRPA2B1,471
NDUFB3,489
CMA1,483
ASPH,489
TRPV4,449
NCKIPSD,899
CDC14A,779
COL10A1,471
TRIM7,485
CDK10,473
MTMR2,483
ARPC3,513
PACSIN3,503
PFN1,479
SPTAN1,595
DKFZp762E1312,483
BPY2,533
UMPS,483
LIN7A,439
OPTN,531
PSMC4,475
PPP1R15B,529
IREB2,525
CENPC1,535
SLC16A1,485
DIABLO,499
RPS9,485
SLC25A10,425
TNFRSF14,693
MC1R,489
CHST1,483
GFER,491
RAMP2,485
TNFRSF7,635
PLD1,453
ADAM2,483
GATA6,563
DIAPH1,465
TRIM24,315
TERT,591
VMD2,483
F25965,483
UBE2H,483
ADAM17,477
EIF3S6,621
ARL10C,515
FLJ13491,569
CARD8,475
ETS2,573
UCP3,569
LPL,405
ZNF423,567
RAB13,485
SPG20,503
BCL2L2,483
NDUFA7,487
NUP88,495
OTUB1,611
KCNIP1,483
PRSS8,485
CPNE1,641
HNRPD,473
SLC6A8,489
DNCI2,485
PRKAA1,485
ADRBK1,687
DKFZP564J0123,481
MMP3,543
COL17A1,461
GDI2,537
WBSCR18,483
NFIX,487
NCOR2,409
F8A1,515
MMP9,471
STEAP3,481
ZA20D3,695
TRPC4,483
SFRS3,939
SERPINB13,483
CAV2,557
RNH1,483
SERPINA1,471
TRPC3,485
C7,483
EML4,-137
IVNS1ABP,-177
ZNF83,-115
DYRK1A,-89
GALNT1,-101
PRPF8,-93
CNOT1,-89
LEP,-89
CD163,-131
FAM46D,-95
ATF7,-185
ACVRL1,-105
TFDP1,847
CBR3,-137
UBE2D1,-145
LRP4,-91
PEA15,319
CTNND2,-207
TRPV5,-99
C17orf40,63
SLU7,35
PRG1,-93
RUVBL2,-73
CPE,115
GRP,-89
ORC2L,-95
KIAA0470L,-223
MAP3K12,123
SMAP,-91
ITGB4,233
RAB5A,-107
RAB3GAP2,-89
PRSS7,-91
CCNG2,-133
HMGB1,793
SP100,-141
EIF4A1,-87
CGA,-59
EGFL6,-87
SMAD2,-367
NAG6,-99
GABRD,-81
LMNA,297
ITGA5,-121
DOK2,-77
SEC24A,-87
NXT2,-93
ETNK2,-91
PEX7,-93
MAD2L1,-131
MCRS1,-61
LOC130951,-93
P2RX7,-89
CSF1R,211
TSSK1,-89
TTR,51
MAPK7,-53
C1QR1,-117
NFE2L2,-83
UPF3B,-103
SEC6L1,-85
CXCL10,-91
MGC4266,-87
NTRK1,245
RPS7,241
AKAP10,-89
FLJ10707,63
NPPB,-87
PPP1R13L,847
GAP43,-61
SMN1,819
PKMYT1,-207
PDCD4,-131
LIP8,241
GABPB2,-131
RDX,-109
KCTD13,-77
TSGA10,-85
MXD3,-29
SNX7,-29
GNAO1,-107
CALU,-91
ERCC2,831
STAR,-91
GADD45B,-69
KIAA0907,-71
FOXE1,-89
C10orf88,-67
THAP2,-121
SF3B14,-91
RPS6KA3,-149
PSCD2,-93
MMP13,-99
TFR2,-93
CIAPIN1,-95
NOL8,-87
HMGCR,-85
AKAP14,-93
PFKL,85
GPD1,-37
CD2BP2,-89
APC,-75
ACAT2,-93
PPBP,-83
KCTD17,-157
RGS16,-111
CBX4,-227
SCARB2,-93
POU3F4,-85
RLF,-69
CHEK2,-85
MGC11266,-99
PLA2R1,-89
CCL1,-91
PRLR,-1
EFNA5,-111
SRF,-73
NFE2,-105
PELP1,355
CD3EAP,-97
SSH2,-91
MGC14126,-101
ZBTB33,-83
GPRASP1,225
CSH2,-179
HSPB8,-147
ACF,-71
DNM1L,-125
SIRT2,-131
C9orf82,-33
KDR,251
SKB1,-13
TGFB1,-123
STAT5A,295
HERPUD1,-107
FH,-89
DCTN4,241
CRHBP,-87
AXL,229
NUDT18,107
CDK3,-133
PPFIBP2,-153
ERRFI1,-135
KIAA1549,-49
ETF1,-91
ASH1L,-99
CCL21,-91
DLD,-93
MRPL10,-91
RFX4,-77
MEIS2,-89
IER3,-145
STRN4,-27
RAP1GDS1,-119
CSPG2,-101
PRPH,-97
ATP6V1G1,-95
DICER1,-89
AR,169
CCL22,-91
FAP,-93
AEBP2,-63
UBQLN4,109
TAF4,-151
SNAP23,-45
REG1B,-83
URB,241
PPIG,-93
CCDC7,-85
POMC,-85
CGI-121,-91
UBE2C,-87
SELS,-91
KIAA1522,-175
ADCY6,-91
NEO1,-107
CRHR2,-87
CIB1,-129
RRBP1,239
CNOT3,-89
FLJ11292,241
PRKAR2A,-85
SNRPB2,-93
MRPL28,-83
SIGLEC10,-105
HMGA2,253
ICAM4,-115
CSRP2,-123
SMARCE1,-37
PISD,-89
CHES1,-89
GPR17,-99
GRIK4,-91
HTATSF1,-85
DRAP1,-159
SNAP29,-93
TLR3,-89
TFE3,-107
KIAA0649,-133
PPP1CA,785
PLTP,-91
CD44,-213
D4S234E,-89
SIPA1,-123
IFITM2,-91
KNG1,-81
GGA3,-105
CRYAA,-143
SSR2,-91
AASDHPPT,-17
ARCN1,-91
MDH2,-91
PPP6C,-91
FZD9,-69
TREM2,-89
TLE4,-91
MKKS,-39
ENTH,-73
WDR6,-87
WDR47,-101
RNASEN,-85
FRAP1,-85
ABCA2,-93
MADD,-115
ACACA,-211
STK17B,-89
GNPDA1,-85
NDUFB1,-83
TMF1,-87
COL4A2,-45
MAN1C1,23
CCNT1,-65
SLC1A4,-89
DUSP12,9
CDH5,-147
PIPOX,-91
RHOB,-87
SIRT1,811
FUT4,-93
PDHA2,-91
DPPA2,-199
TIPARP,-93
QPRT,-77
ATF7IP,-117
INCA1,-89
DDX27,-83
ORC5L,-103
IL17E,-91
GOT2,-61
RAB3A,-85
CENTA2,-11
VGLL1,-93
PACAP,-91
CEBPG,-193
YY1,-113
MR-1,-29
COL3A1,-83
MDS028,-87
C7orf34,-91
COL25A1,-95
HIGD1B,-89
KIAA0020,-91
KLRC3,-89
APAF1,-125
SH3GL3,159
SIRT6,-179
CSDE1,-91
PARD3,-195
C14orf140,51
ZNF618,-83
CLSTN1,-99
AKAP4,-89
C1orf71,-85
TYRP1,-91
DNCH1,-121
IFIT3,-93
CORO2B,155
M6PRBP1,-141
EMILIN2,-91
RFC4,-97
NR1H3,-103
RPS21,-65
PNPLA2,41
ZNF239,-117
HBA2,-89
RAB31,-89
SAS10,-33
ZNF20,-87
PARC,819
RGS14,103
FER,-101
HSPA5BP1,-121
TJP1,-73
NDUFV1,-85
NEU1,81
C1orf19,-83
MLLT7,-111
DNAJA1,-81
GDF8,-89
NPDC1,9
MYBL2,65
DXYS155E,-27
COL1A2,305
C14orf150,-77
CELSR1,-73
DEK,-127
RANBP1,-91
BRCA1,613
ATXN7,-93
MAP3K5,393
TMEM62,-117
AGT,-73
ATN1,85
NFYB,-125
TNKS1BP1,-89
DDX19A,-69
CBX2,-13
ATP2A2,-91
MGC4504,-97
CIP29,-89
SP1,-153
TIMP3,-93
CD81,-161
VPS37A,-127
C4orf14,-53
CD40,123
SOX6,-89
COL5A2,275
MKI67,-89
CLCN3,-93
SRA1,-91
CDC37,-235
PIGQ,-73
POLR2G,-91
ERCC1,-91
CTSB,-107
CGI-116,-103
TRIM32,-81
CD22,199
KCNJ11,-69
LZTS2,-33
MSMB,87
M6PR,-87
RARB,-121
NPHS1,-115
MIB1,-93
ACTL7A,-91
FCN2,-89
SUSD1,-99
GRK1,-81
SERPING1,-101
TUBGCP3,-113
ATF6,-89
PAWR,-129
FLJ20647,-69
ANKHD1,-89
ITSN1,189
RASGRP4,-117
MPDZ,-107
HOXB8,-95
LDHA,-61
ITGA10,-117
FBXL2,-93
SEMA4G,-87
NCKAP1,-111
EYA3,-95
RPS28,-3
ATP6V1B1,-91
TSLP,-123
IL9R,-105
ZNF8,-179
FANCC,-159
CDH6,-93
RINT-1,-87
DGKQ,-51
MAPK11,-71
SYNCRIP,-49
LMO1,-47
MAG,-153
CHPF,-89
ISOC2,-51
CGB,-53
RPL13,229
ALS2CR11,89
ZNF655,3
NUDT5,-31
TMEM22,-49
UCHL1,-49
APOL1,-51
CKM,-49
BRD8,-67
COL5A3,-71
PTPRN2,-51
ATP6V1H,-63
PHYHIP,-69
GPS2,883
IL4R,-3
PTPN18,-53
EPHA7,-35
USP25,-107
ASPM,-35
DUSP5,-63
EDNRA,-23
ATP2B4,-59
FDFT1,-39
CAPNS1,-77
RAD51,945
KIAA0738,-83
B4GALT3,-169
GMFB,-33
RGS12,-23
NR3C2,-131
FAM45B,-55
EED,-125
IRF2,-39
DNAJA3,-19
ERCC3,879
HDDC3,-51
TCF12,-75
PIWIL2,-51
ZFHX1B,-113
SPRED1,-105
TTC10,-27
AK5,-51
INSM1,-39
GAST,-51
TUSC3,-105
ACY1,-49
RPS20,-27
C12orf10,-107
DAB2,-147
RXRG,-61
SH3GL2,-107
HPS6,-121
ILK,221
ARFIP2,-49
ARG2,-49
LLGL1,-47
BCL10,35
ALDOA,-47
FATE1,81
RFXAP,-51
MGC42630,159
GP1BB,-99
ANKRD13B,-69
SUPT7L,-17
CALM2,-37
C10orf82,-53
ARL2,-53
SAT2,-167
TAF7,-79
VPREB1,-51
ILVBL,-9
ALS2CR12,-51
TAF1A,861
NOS1,-5
PAX8,-51
RAB4B,-51
PFC,-51
MGC5352,-109
GRB7,87
GNAS,-45
CACYBP,-71
PDGFB,-31
LALBA,-51
FBP1,-35
MAGEB4,-49
UTRN,-43
KLRD1,-39
LPXN,-7
HADHB,-15
TROAP,-51
DVL2,673
TNFRSF10B,-57
DDX21,-169
DDIT4L,-41
MIER1,-131
ACTR3B,-53
LAMB2,-75
SFRS7,-51
GLTSCR2,-55
EPPB9,-51
S100P,-75
MAP3K2,-143
PIK3CB,-67
HIST4H4,-49
USP20,-49
LAPTM4A,-49
HDAC3,-231
EVPL,-49
LOC55565,121
LAMA2,-47
PRPF3,-9
LGALS1,257
CTNNBL1,-51
KLHL2,-53
PHGDHL1,-57
PLEKHB2,-51
SLC22A6,-49
TOMM22,-53
NRAP,3
ZFP106,-107
ATF3,811
MAPRE2,-49
EIF4EBP3,-39
ESRRA,-53
GFM1,-49
SCIN,-39
ERN1,69
PIK3C3,-37
ACCN3,-51
C21orf91,121
PXDN,-65
CCNB1,-223
LOC220686,-49
UBR2,-55
C17orf28,-105
DNCLI1,-67
MCM3,-77
PRDX3,-23
HAP1,145
DSG2,-63
POT1,-57
PGM1,-67
FLJ10292,-37
DPEP1,-51
LY96,-49
SLC12A9,-49
MEGF10,-37
SNAP91,-25
SPINK1,-49
ARFGAP1,-65
LYPLA1,-43
RAPGEF4,-49
POLR2J,-49
MAF1,-65
PEX19,-243
MAP2K6,3
C18orf37,-163
DAZAP2,-65
MEF2A,-227
MYD88,-45
TGFBI,-51
PRKAG1,-49
TCF20,-179
LZTR2,-49
KIAA0746,23
NR2C2,-277
CKS1B,-81
BPGM,-35
RPL4,225
PKD2,-65
IL22RA2,-47
JAG1,-45
PTPRG,-33
CARF,-51
MYO3A,-51
ORM1,-51
BTG1,-49
HAX1,-37
NR6A1,-53
AURKB,-1
SDSL,-43
COG1,-51
BIT1,-45
MPP3,-53
GDF6,-61
PLXNB2,-15
APOC1,-51
CDC25B,-203
ARPC5L,-49
DGKD,-39
SCGB1A1,-45
EIF2S2,729
ODF2,-51
RXRA,-297
PLCB3,-51
NTF5,-49
THOC4,-49
TNKS,-39
CYP11B1,-51
UBADC1,-55
MAPRE1,-57
PDLIM1,-87
SREBF1,-197
PAFAH1B2,-89
ABCC6,13
CUL2,-51
CPNE6,-49
MDM2,853
IFNGR2,-3
ELL,863
BAX,-65
UPF2,-37
FKBP1B,-49
MTP,-49
ITM2B,-35
PPP2R5E,-7
ZNF558,-51
RAB8A,-79
RPL23,223
RREB1,-51
CART1,-249
RPS4X,-41
CLIC5,-81
PLEKHA5,-51
DPP7,-51
DUSP23,-49
NPY1R,-51
CKS2,71
SFI1,23
PAK7,-129
PLEKHF2,169
GATA4,-143
C11orf16,-101
AUP1,-13
APOA2,-49
MAGEA1,-51
RHPN2,-25
AVPR1B,-51
SFRS11,-39
KIAA0408,77
TRIP12,-35
TRHR,-53
FMOD,-53
RPL8,209
KAT3,-51
EHBP1,-49
F7,-49
RRAS2,-67
CLTA,-45
ASK,-55
TEGT,-55
C6orf199,-51
MAGEH1,-55
GDPD2,-29
PPYR1,-69
COL4A4,-23
FGA,-45
SLC12A3,-49
FKBP4,-103
STAC3,-69
INPPL1,-131
AHRR,-55
ZNF31,-51
CXCL6,-51
LOC90799,-51
SCGN,-51
DOCK8,-373
XCL1,-51
FLJ90586,-43
ANTXR1,-245
STAP2,-29
IMP4,-51
NUDT21,125
ARID1B,-7
C16orf48,117
STX12,-51
TGFBR1,-371
C20orf81,-15
ARL6IP,-31
MGC33948,-79
RAB6B,-51
GALR2,-45
POLR1C,-61
EZH1,-47
ZNF193,-51
PPEF2,-21
FBXL11,-217
SLAMF7,-45
MAP3K7,-165
PSG5,-13
ITGAE,-51
RPE,-51
PLP2,-37
TUBA1,-171
BBOX1,-69
ATP2B2,-55
TPM3,-49
IFIT5,-53
ZNF622,-49
RABEPK,-49
TMEM66,-65
BCLAF1,-13
AANAT,-99
FLJ13111,-53
C20orf4,-49
CCL4,-43
JAK2,175
RRAGC,-49
SYTL2,-135
LAD1,-51
CDK5,-215
CHMP4B,-167
IAPP,-49
ACVR2A,-25
XAGE2,-53
GOLGA4,-79
ADAM12,125
CHEK1,889
SRRM1,-41
ZBTB32,-55
PEX1,-31
KIFC2,-57
EHD2,-55
TAB3,81
ZNF259,-71
HNRPA1,-7
SDC3,-131
TCAP,-49
PKD1,179
IGSF9,-55
STC2,-33
ALG10,-45
EIF1AX,-51
CXCR4,-29
EIF3S10,-39
RNF126,-61
EVC2,-7
LDOC1,7
GRIK5,-41
TNFRSF13B,87
IL18R1,-47
PSG2,-157
NRBF2,-121
ITGA2B,181
ZC3H11A,-51
CP,-57
ZFP2,-37
VPS11,-13
GALT,-55
CGB7,-55
CLUAP1,-21
PDHX,-95
POLG,-53
ANP32B,-49
AKR1A1,-51
PUM2,-53
DHH,-51
ZDHHC6,-51
RBL1,-283
SEMA3A,-49
DCTN2,-47
DHX29,-49
DDX42,-51
RAB35,-51
KIAA1609,-55
IL28A,-49
BRF2,21
ERBB2IP,-159
HSPBAP1,23
SMA3,567
ASS,49
XPO7,33
IMP3,51
YIPF3,27
CCNC,63
CTPS2,43
KLF2,53
SH3BP4,53
MVK,5
U2AF2,95
C18orf9,53
EPN1,27
FLJ20130,53
MMP11,57
POR,49
INHBB,79
PARD6A,13
RGS20,51
FANCA,19
GNAI1,69
SNTB1,73
PRDM1,65
DNMT1,19
ZNF592,45
PROP1,53
ACTA1,29
CS,43
ADM2,55
GRM2,55
KARS,85
CCL27,49
EVL,-11
TIMP2,51
SSTR1,51
FLJ20291,49
RAB22A,49
CD28,141
POLK,53
MCM10,141
CD53,51
WDR25,51
TRIP4,-99
KIAA0826,53
KRT6B,45
FN1,221
PAPOLA,-227
MARK4,53
HLA-C,31
TRIM63,3
PLA2G4C,49
OIP106,37
MYOCD,67
PPP2R5B,41
NGEF,53
SF3B3,55
FLJ12529,-59
NDUFV3,65
TEF,37
SEC24B,55
C5R1,53
PSTPIP1,149
PAK6,-121
HSPCB,7
CYFIP1,49
LRRCC1,49
OGT,57
NAPA,39
FAM18B2,133
BLOC1S1,-73
C10orf10,53
PRDX5,47
EFEMP2,579
SNRPF,143
PPA1,651
MPP5,51
CSN2,51
RND3,35
ST7,65
KIAA1632,45
HTATIP,175
KLC3,53
BAT5,53
GTF2H2,19
SPEN,55
FDPS,73
RANBP3,45
DLGAP2,53
POLE2,131
SUMO2,-71
LCK,221
HBEGF,-113
MGC10471,23
VTN,67
C7orf26,53
GOLPH2,117
DGKA,53
AP1S2,53
SPARCL1,33
TGIF,-99
IHPK1,53
HSPA1A,721
TIE1,17
MYO6,65
TLX2,53
B3GALT4,51
S100A11,17
CYP1A2,51
TXNL2,41
MRPL42,111
CCL23,49
PGLS,57
PROCA1,63
IFNG,45
FLJ23185,51
CDKN2A,-15
IKBKAP,17
CHGA,49
TLR6,53
UBE2N,39
OLFM4,51
CBLL1,51
KCNH5,51
ACP5,-33
PHF1,51
PPP1R12C,51
ASB9,49
LOC284058,-93
GNA15,79
RAB11B,43
MCOLN1,55
ENY2,83
CHRNB2,51
EPB41L2,71
TICAM1,51
NEB,57
EDAR,53
ARID3B,193
CCNL2,51
TBPL1,31
HOOK1,57
WDR74,49
HRB2,5
RRM2,531
DKFZP761H1710,59
LOC146053,233
WWP1,-1
PDZK1,69
YEATS4,53
GABARAPL3,49
C1orf35,51
GBP3,49
RRM2B,539
C19orf2,51
KREMEN1,73
PGDS,51
PRSS2,53
CENTG1,-13
KLC2,41
SIM2,75
KCNH1,51
DTNBP1,59
AP1GBP1,51
NME3,49
CAP1,43
AKAP9,17
TRMT1,39
DPP3,47
OSMR,77
PEX10,41
KRT19,47
PIAS2,-113
MDK,65
PHKB,73
FBXL3,51
FBXW11,33
POP1,53
HN1,47
NCOA2,-189
APOF,53
ST8SIA2,49
GGA1,-127
WDR37,5
HERC5,63
RTN4,57
C7orf25,95
SLITL2,51
HSPA8,191
CLIC6,71
CCL3,39
BTK,11
MATN3,53
CPNE7,57
SEC23A,55
DTNA,55
PGR,43
CACNA1A,49
MIA,65
GSCL,51
EGLN2,51
ESRRB,57
NKX2-3,67
DDX17,77
IGF1,53
PTPN12,195
CETP,17
PPARD,-33
NET1,39
CLNS1A,93
CAPN1,41
CHRNE,49
MLX,51
PANK4,55
APOBEC1,55
DKK3,93
C11orf1,149
MTFR1,19
ZBED1,9
THAP7,103
L3MBTL2,57
IL10RB,51
CCL14,55
ADRA2B,13
CCND3,45
PPP4C,53
RPL13A,57
SORBS1,105
SUMF2,53
IL1B,57
PHF21A,55
PPM1A,33
CUBN,43
MAN1A2,45
LOC158345,61
SSR4,51
PHB2,11
NTSR1,57
CDH11,-25
SYCP3,57
RCD-8,51
NFKBIZ,53
KIF22,67
LAMA3,53
CSK,79
KATNAL1,41
LHCGR,55
CDC45L,53
C10orf62,125
TOPORS,549
CYP2C19,51
HSPA2,49
PAICS,51
ART1,49
KHDRBS3,9
AKAP1,41
RAB18,75
MYCBP2,49
MOS,41
CSNK2B,639
GJA1,17
CLIC3,73
SYT2,55
TIA1,49
TRIM21,49
C1orf124,47
MRPL17,57
EDG2,55
TRAF3IP1,43
ABCF1,41
NEDD4L,53
IGFBP5,55
GNB1,65
RAD1,63
SNX4,-75
NIF3L1,91
LST1,53
C9orf78,93
PSMD9,57
TTF2,37
CCNA2,629
HMGB2,561
SF3A1,29
SLC4A8,49
PQBP1,197
KIF23,51
SYN3,67
HOXB6,19
PLAU,57
KCNJ6,73
SHANK2,83
PEX14,51
HTR1A,57
FLNA,19
DUSP6,51
TRBV2,221
SCEL,49
TCF1,-191
CCT3,65
CALML5,131
ATP5G3,53
SOS1,41
MYL9,47
ASAH1,147
MAGEB18,539
EDG3,57
PAFAH1B1,33
PHYH,61
DDX1,257
PRPSAP2,53
OXTR,51
SNAPC2,17
ITGB2,117
HLA-DPB1,53
CA6,51
HABP2,47
NPHP4,51
CENTB5,41
WBSCR1,53
RCV1,33
COPA,59
RORB,35
PPP2R5D,55
FLJ35834,91
EXOC7,41
NCF2,15
TNFRSF1B,11
CLTB,53
BAG3,51
RCOR3,39
FRAT1,37
NUCKS1,53
PHKG1,59
PRKRIR,43
PER3,-3
F10,53
MRPS31,41
KIR2DS1,51
ELF5,49
TEX9,59
GNAI2,45
ANXA11,25
PARP2,43
HGS,-81
ACTA2,47
FABP6,49
TCP1,51
TMPRSS6,71
MLH1,75
SPTBN4,51
MIF,103
DOCK10,51
CRK7,69
GAS6,71
INVS,53
EIF3S12,39
NOLA1,39
IL15RA,23
KTN1,27
FRAT2,43
GIT2,227
HSPH1,65
CXorf27,57
VPS28,43
SCMH1,37
CA8,49
DCT,133
ARRB2,9
VIP,51
PPHLN1,39
PCOLCE,233
ZNF559,91
CCR8,359
HGFAC,355
FLJ25770,413
PPM1G,345
DAPK3,311
PRF1,399
IPO7,393
RLBP1,357
EXOC8,377
GTF2E2,3
LGALS8,367
NEK9,403
RPA4,339
PLRG1,353
TESK1,355
CDC42EP4,351
C9orf61,387
GORASP2,377
ERBB2,265
3-Sep,377
ARAF,307
CASP6,287
NDUFA13,389
ETV6,259
STAM2,393
PLEC1,291
LY6H,371
RNF40,379
MAP2K7,373
TTC3,379
LOC51059,385
SOX4,355
SLC25A36,379
HCLS1,373
DEFB4,355
BDKRB2,357
ZNF607,273
MAPK10,775
SIX1,231
BSN,381
HSPB2,371
NEFL,409
RANBP9,243
BCAR1,579
IGFBP6,381
IGFBP1,381
NDUFA6,377
EPHB2,383
STX3A,319
COL4A6,305
LOH3CR2A,409
SSTR4,355
LMTK3,259
KIR3DL1,365
PARN,319
ZNF439,257
USF2,249
ACIN1,393
OLFM2,89
TAF9L,355
ANXA3,795
C6orf113,357
ZNF329,271
GCN5L2,429
RBL2,279
TEK,439
ILF3,205
TRIM16,291
NLGN4X,379
ZNF557,381
TFCP2,449
HNRPAB,335
SHKBP1,381
MED8,383
MC5R,383
TSC22D4,81
RALY,379
PFDN1,357
PTPRN,361
P4HA1,541
SAG,357
RYR2,415
RFWD2,777
GRK4,327
UBE2G1,343
FASTK,289
NIPSNAP3A,285
COG4,343
ZCCHC10,817
CSH1,95
HRH4,341
C19orf10,375
SMARCC1,361
MAP2K4,361
ANAPC2,199
IL18RAP,361
C20orf30,383
EPHA2,427
MKL2,183
SHANK1,393
TFPI2,479
PLCB2,329
EMD,547
PKN1,341
NYREN18,355
NUDCD3,257
PMS2,355
PDLIM4,235
AKT1S1,351
DAF,263
HSPB3,255
SPRR2C,381
FLJ20534,375
ITPR3,355
RPS6KA2,331
OPN1MW,341
TMED1,269
TYROBP,365
POLDIP2,349
PSMC5,331
KIAA0261,353
FLJ11506,381
LY6E,381
GRIN2A,297
CARHSP1,357
ZC3H12A,363
ATP7B,357
TRD@,355
SORCS3,351
OASL,361
HTRA1,355
MAP3K7IP1,363
LAMR1P15,285
MSC,301
C1QB,355
FSCN1,387
LRP3,369
GH1,379
CBL,483
MXD4,373
CDKN1B,541
IGSF4,381
UPP1,331
TNFRSF4,387
SLC4A3,357
IL28RA,355
PIK3CG,407
MGC11102,321
PSAP,219
MGC20410,391
MAPK8,665
ARIH2,849
FLJ22318,267
SH3BP5L,237
SITPEC,293
EPB41L3,379
GOLGA1,357
SFN,239
DRF1,291
CSF1,335
ITPK1,387
SEMA4D,359
ACP6,381
BMP5,389
MGC16186,355
KCNG1,353
RNF8,377
RPS6KA6,383
SIAH2,347
CLGN,357
UNC119,-11
PLCE1,355
HTR1D,349
INHA,355
KIAA0415,273
SQSTM1,285
C16orf45,355
CHMP4A,405
ADIPOQ,357
COPG,383
CD3Z,315
MPHOSPH6,815
ALOX12B,383
SMAD7,171
RNF139,359
NISCH,355
CGN,355
GDA,373
RRAGD,355
CREB3L3,333
PRKG1,387
IL17RB,349
FLJ13769,277
OS9,175
FPR1,401
IL3RA,379
STK11IP,197
GLRB,355
LOC221442,389
LITAF,179
GJB1,353
SMG1,377
ARHGAP10,403
KRT1,379
DOC2B,383
MNAT1,789
LIFR,399
SLC38A3,291
MRFAP1L1,357
GPKOW,237
OVGP1,359
BAI1,373
FLJ20397,257
ADAMTS1,349
GTF2E1,265
EFNA2,375
LAMP2,341
KRT14,351
LIPG,355
VASP,321
SAT,817
RDM1,341
PRKACB,387
KEL,317
MICAL1,475
TBC1D17,383
BNIP1,339
AES,235
TUBA2,537
ZNF219,353
HNRNPG-T,355
LASP1,299
HMOX1,361
RPLP1,349
PYGO2,349
CKMT1B,345
ANXA1,419
ALDOC,387
AP1G1,363
NTHL1,345
PDZK11,367
FNTA,351
TFEC,361
MYOC,283
CAMKK2,359
AGR2,395
TBP,773
CCDC17,383
CD9,337
COL4A1,527
GTF2F1,273
ABP1,383
PHKA2,381
PSMA5,383
RAB6A,335
THAP10,219
TAX1BP1,357
Magmas,383
SPIN,379
C10orf45,343
ERBB4,341
TOPBP1,337
FLJ20297,383
HYPE,347
DKFZP564B147,365
DPT,377
CENPE,357
SKIV2L2,353
C8B,385
FLJ20125,269
HABP4,225
SASH1,405
GM632,113
CD1D,323
INSIG1,383
FASN,319
MGC39633,355
CARD15,355
INDO,385
MID1,355
TCF7L1,411
GRAP,317
MGC5356,369
PRIM2A,379
MGC13379,389
RGL2,297
CPSF2,355
FLJ22471,379
USP11,327
CFHL5,339
POU3F3,387
HSPC065,407
ZMYM5,443
KCNJ3,351
IL13RA1,337
BACE1,375
CCAR1,349
IFNA2,333
CECR2,357
NXF1,407
EPOR,457
TH1L,197
FCER1A,351
ARS2,25
TXLNA,333
RRM1,329
MARK3,327
NCF1,363
RG9MTD1,285
GTF3A,351
NOM1,337
LEPR,309
7-Sep,347
RPL31,319
C9orf100,231
RBM19,369
SHC2,341
MTMR10,385
KIAA0423,319
MSH2,173
C1orf128,355
KLF10,327
RAD9A,279
RNF36,357
ZNF76,193
SFMBT1,377
PRKCD,275
FBXO6,381
TSHB,357
SNX24,357
C1orf107,247
APEX1,811
SREBF2,493
MITF,321
PZP,359
ZNF250,219
UBA2,319
RIC8B,359
PSMF1,255
SPATA20,353
LBR,399
CSN1S1,341
CARD12,357
STRN,377
SH2D3A,315
HBXAP,299
TRPT1,387
RPL35A,357
OGDH,255
FAS,203
H3F3B,337
AKAP11,387
PDK1,333
NR1I3,337
PTOV1,341
FUSIP1,403
PSMA4,383
CRSP6,793
FHL5,343
PDLIM7,85
TNFRSF10C,367
GNB5,381
CPOX,341
CCR3,379
SLC5A1,341
MRGPRX2,355
CDC16,235
NURIT,269
MTMR11,381
SERPINE1,347
ATRX,353
RFX2,281
CNTN1,261
SEC24D,345
SMN2,-67
TERF2IP,-45
PLCD1,-23
TUB,219
FCHO1,-147
PPGB,-31
TAC1,-19
GSK3B,895
CNR2,-23
SKIL,-53
TNFSF9,73
TDRD7,-35
YWHAH,-73
ADRA2C,-21
TFG,155
PCAF,-275
CDK4,-19
DNAJC14,-33
FRMD6,-37
CHRNA4,-31
CAMK4,-39
KIAA1446,-113
PSMD11,355
SDPR,-89
PTPRCAP,99
KLF8,-47
ELAC2,-13
CCNL1,-29
APOD,-33
MYO15B,-41
SPRR3,-31
CHAF1B,-91
IRF1,-21
ZNF451,-109
ZNF265,-185
BAG1,-181
CRIP2,-39
CUTL1,-241
MARS,-49
HNF4A,717
HPCAL4,-31
LAMB1,-3
ARL1,-33
ID1,-29
DUSP14,-23
MAD1L1,5
ATP6V1E1,79
ARHGEF11,-19
KIAA0992,11
COX5A,-11
RUNX1T1,-239
SEMA3F,-29
ADCY2,-33
GARS,-11
RAPSN,383
RPL18A,57
RABAC1,-131
RYBP,-27
C7orf36,89
FCGR3A,-21
KCNJ1,-31
PLG,-15
HRMT1L3,65
NPY5R,-29
RASGEF1C,5
CDC42EP2,-105
PRDM4,-61
NRAS,-37
MARCKS,-21
RAB11FIP4,-27
DRG1,-33
SUFU,-49
ERBP,-101
CACNA1S,-43
MFAP5,-37
PRRX1,-25
EIF4EBP1,-19
AFAP,-89
TEAD4,201
C10orf3,-85
FSD1,-31
NRXN2,3
EIF4B,-3
SPINT2,-31
APBA2BP,-31
MEF2D,-25
DNMT2,81
AGTR2,-137
CIR,-47
ARG1,-29
C6orf47,-27
MYL1,-37
NUBP1,-89
ASF1A,-69
YIPF4,-31
PTPN22,349
STX16,11
TSG101,825
DNAJC7,-83
DBI,-33
ERAF,-33
SNF1LK,-33
STN2,-31
AMY1A,-31
COPS6,53
RP1,-29
PPIL4,-29
B3GNT4,-1
STMN1,17
TNRC4,-3
C15orf25,-29
JTV1,-43
EPHB6,-87
CENTD2,63
TMEM11,-25
PRAM1,-25
PRX,-31
XAB2,-17
CHGB,-29
VHL,-59
PAIP2,7
IGLC2,-31
CRIPT,-11
FASLG,109
C6orf111,-35
SENP2,-93
SMARCD2,-35
ZNFN1A1,-377
ZNFN1A4,-113
TUBA8,205
DGCR6L,-25
PPARA,-113
FLJ20364,-17
PKNOX1,-53
COL20A1,-43
NECAP2,105
ACTN4,7
HDAC2,165
TOR1AIP1,-93
HDAC11,11
ANKRD24,145
TCF4,-49
BAD,-75
KIAA1797,65
NIT1,51
DRD4,203
HSPG2,-37
TNC,171
KIDINS220,-41
HRC,-29
LMNB1,-141
TCEB3B,39
IFT20,23
CDH8,-23
TGFA,-93
SMYD3,-35
LCAT,-31
KLK3,3
DNCL1,-49
KIAA1377,331
GTPBP7,-33
HEXA,-33
REST,-51
WFS1,-35
SFTPA1,-31
HIST1H1C,-29
EIF4G3,-19
IGF2R,-31
WDR57,-21
EIF3S6IP,-121
PLA2G2A,15
FARSLA,-31
KIAA0232,-31
GRIPAP1,-33
MGC10854,233
MAP3K3,-155
FOXO1A,-153
C9orf74,-29
PTPN3,-29
TNFRSF12A,75
UBQLN1,105
MAP1B,-77
PRKRIP1,-37
TMOD1,-31
RAB6IP2,-91
BEX2,209
ZAP70,-21
PPP2R4,-89
FNBP1,43
OSGEP,3
FKBP1A,3
CDK2AP1,-93
PMPCB,-31
MAP7,-35
PTD004,-151
XRCC5,301
KIF11,-15
SCN1B,-33
SFTPA2,-31
ZNFN1A5,201
WIPI-2,-13
RIN3,-29
MGC39821,17
ARL6IP2,-31
PTPRK,-143
PLXNA2,-23
HOXC10,-33
FUS,-21
POLH,-27
EIF4G1,-23
PTGES2,-33
CASP3,-201
USP10,-13
DNAJC1,-1
KCNA2,19
CD8A,45
AZGP1,-31
PS1D,-33
CENPA,-93
SLC17A1,-31
ARF4,-97
TRA@,3
RBAF600,-37
CCDC11,199
CBX8,107
HTR3A,-13
RAX,-33
PCYT1B,-37
SNX17,19
CLEC3B,-25
NR1I2,-43
KRT20,145
DR1,-79
DRD2,65
ZA20D1,-19
PVR,-29
PTPN1,213
AP2B1,-53
EPHA1,-11
FLJ20551,-11
MXI1,-27
PDCD8,-55
MINK1,3
NEF3,-31
MGST2,-149
SHMT1,-117
UBE2D2,13
CAMK2G,-99
RNPC2,-53
MLL2,-21
TXNDC11,-47
SLC9A3,-39
B7,-23
EDARADD,-31
VDR,-105
GALNT2,11
SNRPG,207
C1orf16,-5
LIPE,-27
IPO13,-31
TEX11,-163
NEDD4,39
HKR3,-9
ITGB3,-57
HBA1,-65
GNMT,-67
RAP1B,-37
RUFY1,-31
PCGF4,-19
ITGA3,-21
MOCS3,-29
C8A,-39
CDC73,-77
LSM4,-15
PEG3,-25
LMO7,-31
TRAPPC6A,-53
IGHG4,-31
EIF3S8,105
FANCG,-93
PRTN3,-29
PPP2R2A,-85
S100A7,-21
CDH15,-23
PARD6G,-115
NR1D2,-51
YWHAB,61
PSCD1,-37
CHD1,-95
SMUG1,-7
FEZ1,-65
SPP1,-47
CD3E,-81
SAP30,-37
DUSP3,-77
UBA52,-187
SEC3L1,-41
WBP11,-59
GLUL,-19
RNF128,-31
ADH5,-75
ARFGEF2,-43
GTF3C1,-101
SFRS2IP,27
F11,-33
CASP4,-99
TAF10,-33
C4orf17,31
MTHFR,-31
GRIK3,13
SHB,189
TMEM9,-31
PPP5C,-25
UBC,85
DCP1A,-149
TMEPAI,-29
DIPA,-465
CARD14,-21
PSMB2,-33
KLHL20,117
CCDC14,-11
ITGA7,-47
CDK5R1,41
SYP,-25
NAV2,-87
TAF1,563
PLCG1,225
ZNF518,-45
KCNF1,-29
TRIM2,-27
GPBP1L1,-25
FGR,47
RIPK3,111
DPYSL4,-27
TCTA,-135
CORT,-87
ACTN1,-115
PAX3,-85
NR0B1,-127
WDR33,769
RNF5,-25
SOD1,-25
SF1,-37
NOP5/NOP58,-31
DHX30,-7
FLJ10415,-25
IL2RG,19
PCBP1,-5
NUPL1,-41
PPEF1,-45
KIAA1543,-7
ABCC8,-33
PRPSAP1,-23
MYO7A,-13
ZFPM1,-59
C9orf89,-29
ARRB1,-33
TUBB2,833
ZNF74,-17
CASQ2,-27
COPB,55
COL5A1,255
TNFRSF8,81
EIF2AK2,747
PNRC2,-175
NME7,-29
ADAM28,7
ASGR1,-105
EGF,243
FBXW2,-33
CNOT7,-91
CLEC1B,5
PLCL2,-95
MOCS2,-1
